Drug_ID,Drug,Y
Drug 2641,CC(=O)Nc1ccc2c(=O)c(=O)c3cccc4ccc1c2c43,0.8005492091178894
Drug 2892,O=c1c(=O)c2c([N+](=O)[O-])ccc3ccc4cccc1c4c32,0.9374475479125977
Drug 4833,O=c1c(=O)c2ccc([N+](=O)[O-])c3ccc4cccc1c4c32,0.9404845833778381
Drug 1191,O=c1c(=O)c2cccc3ccc4cccc1c4c32,0.8118501305580139
Drug 6777,COC(=O)C12CC1(C=O)C(C=O)C=C1CC(C)(C)CC12,0.38239163160324097
Drug 3088,Oc1ccc2ccccc2c1N=Nc1ccc(N=Nc2ccccc2)cc1,0.7821967005729675
Drug 1900,Cc1ccccc1N=Nc1ccc(N=Nc2c(O)ccc3ccccc23)c(C)c1,0.8579360842704773
Drug 2265,C1O[C@H]1[C@H]1CO1,0.8120206594467163
Drug 6492,C1OC1C1CO1,0.8120206594467163
Drug 5526,CC1(C2CO2)CO1,0.6675500869750977
Drug 3397,COC(COC(N)=O)C1=C(N2CC2)C(=O)C(C)=C(N2CC2)C1=O,0.457774817943573
Drug 996,CN1CCN(c2ccc3[nH]c(Cc4ccc5[nH]c(-c6ccc(N(CCCl)CCCl)cc6)nc5c4)nc3c2)CC1,0.8097979426383972
Drug 1189,CC(C)(Oc1ccc([C@H]2CCCc3ccccc32)cc1)C(=O)O,0.15273892879486084
Drug 6509,CC(C)(Oc1ccc(C2CCCc3ccccc32)cc1)C(=O)O,0.15273892879486084
Drug 3498,CC(C)(C)CC(C)(C)c1ccc(OCCOCC[N+](C)(C)Cc2ccccc2)cc1,0.18720421195030212
Drug 144,CC1=C(C(=O)OC(C)C)C(c2cccc([N+](=O)[O-])c2)C(=C(O)OC2CN(C(c3ccccc3)c3ccccc3)C2)C(N)=N1,0.4113379120826721
Drug 2584,[O-][n+]1cc2ncccc2cn1,0.3135601580142975
Drug 7037,NC(=O)CN1CC(O)CC1=O,0.3420955240726471
Drug 1234,NC(=O)CN1C[C@H](O)CC1=O,0.3420955240726471
Drug 452,CN1CCCC1=O,0.3064177930355072
Drug 5814,C=CN1CCCC1=O,0.3475627303123474
Drug 7078,CC12CCC3c4ccc(O)cc4CCC3C13CCC2(O)C(O)C3,0.07231112569570541
Drug 6911,OCCN1CN(CCO)CN(CCO)C1,0.32345229387283325
Drug 6020,ON1CN(Cl)CN(Cl)C1,0.5116825103759766
Drug 1419,Nc1c2ncn(C(c3ccccc3)c3ccccc3)c2nc[n+]1[O-],0.5847195982933044
Drug 7586,CC(C)=C1CCC(C)CC1=O,0.23337571322917938
Drug 2873,CC(C)=C1CC[C@@H](C)CC1=O,0.23337571322917938
Drug 3448,O=S(=O)(O)c1cc(S(=O)(=O)O)c2c(N=Nc3ccc(S(=O)(=O)O)c4ccccc34)c(O)ccc2c1,0.48881596326828003
Drug 2132,O=S(=O)(O)c1ccc2c(N=Nc3ccc(S(=O)(=O)O)c4ccccc34)c(O)c(S(=O)(=O)O)cc2c1,0.20377503335475922
Drug 848,O=[N+]([O-])C1=Cc2c3c1cccc3cc1ccc3ccccc3c21,0.9523455500602722
Drug 6170,C1=Cc2c3c1cccc3cc1ccc3ccccc3c21,0.8970117568969727
Drug 85,O=C1C=C[C@]2(O)c3c(ccc(O)c31)-c1ccc(O)c3c1[C@H]2[C@H]1O[C@H]1C3=O,0.5952598452568054
Drug 2884,c1ccc2c(c1)cc1ccc3cc4ccccc4c4ccc2c1c34,0.9181410074234009
Drug 5440,O=NN(CCc1c[nH]c2ccccc12)C1OCC(O)C(O)C1O,0.80532306432724
Drug 839,OC1COC(NCCc2c[nH]c3ccccc23)C(O)C1O,0.660292387008667
Drug 745,c1cc2ccc3cccc4ncc(c1)c2c34,0.7287871241569519
Drug 5318,CCn1cc(C(=O)O)c(=O)c2cc(F)c(N3CCNCC3)nc21,0.42802199721336365
Drug 6403,O=c1cc(CO)occ1O,0.434545636177063
Drug 702,O=C(O)c1occc(=O)c1O,0.26202934980392456
Drug 5815,Cc1occc(=O)c1O,0.3307097256183624
Drug 6896,CN1CN=C2C1=N[C-][N+](O)=C2N,0.6895056962966919
Drug 4488,C=CCC1=C(C)[C@H](OC(=O)[C@H]2[C@H](C=C(C)C)C2(C)C)CC1=O,0.2679658532142639
Drug 2287,CN(C)c1ccc(N=Nc2ccc(OC3OC(CO)C(O)C(O)C3O)cc2)cc1,0.7821080684661865
Drug 5969,c1ccc(-c2ccc(-c3ccccc3)cc2)cc1,0.2762422561645508
Drug 3433,CCN(CC)c1ccc(-c2ccc(-c3ccc(N(CC)CC)cc3)cc2)cc1,0.4781251847743988
Drug 436,Nc1ccc(-c2ccc(-c3ccc(N)cc3)cc2)cc1,0.6527334451675415
Drug 5365,O=C1CCc2ccccc2O1,0.40487098693847656
Drug 1081,O=C1c2ccccc2-c2c1ccc1ccccc21,0.687912106513977
Drug 7147,CC(=O)OC1C(O)C2OC3C=C(C)C(OC(=O)CC(C)C)CC3(OC(C)=O)C1(C)C21CO1,0.6486061811447144
Drug 5310,CC(=O)OCC12CCC(C)=CC1OC1C(O)C(OC(C)=O)C2(C)C12CO2,0.30944404006004333
Drug 2327,CC(=O)OCC12CC(OC(=O)CC(C)C)C(C)=CC1OC1C(O)C(OC(C)=O)C2(C)C12CO2,0.2735632061958313
Drug 7534,CC1CC2OC(=O)C(C)C2CC2(C)C(O)CC(O)CC12,0.23919536173343658
Drug 5031,C[C@H]1C[C@H]2OC(=O)[C@H](C)[C@H]2C[C@@]2(C)[C@H](O)C[C@H](O)C[C@H]12,0.23919536173343658
Drug 6638,C=C(C)C1C=C2C(COC(=O)CCCCCCCCCCCCCCCCC)=CC=C2C(C)=CC1,0.06560922414064407
Drug 2378,C=C(C)[C@H]1C=C2C(COC(=O)CCCCCCCCCCCCCCCCC)=CC=C2C(C)=CC1,0.06560922414064407
Drug 1920,COc1cc2ccnc3c2c(c1OC)-c1ccccc1C3=O,0.5332885384559631
Drug 2315,COc1ccc2c(c1)-c1c(OC)c(OC)cc3ccnc(c13)C2=O,0.5610684752464294
Drug 4547,COc1ccc2c(c1)C(=O)c1nccc3cc(OC)c(OC)c-2c13,0.60380619764328
Drug 608,COc1ccc2oc3cc(O)cc(O)c3c(=O)c2c1,0.49049848318099976
Drug 5984,CN(C)CCNC(=O)c1cccc2c(=O)c3ccccc3oc12,0.4097263514995575
Drug 5512,O=c1c2cc(O)ccc2oc2cc(O)cc(O)c12,0.5140379667282104
Drug 1161,COc1cc(OC)c2c(=O)c3c(O)ccc(OC)c3oc2c1,0.6267133951187134
Drug 814,COc1cc(O)c2c(=O)c3c(O)ccc(O)c3oc2c1,0.5989510416984558
Drug 590,COc1cc(OC)c2c(=O)c3cc(OC)ccc3oc2c1,0.6198358535766602
Drug 2263,COc1cc(O)c2c(=O)c3cc(OC)ccc3oc2c1,0.5455293655395508
Drug 5977,O=c1c2c(O)cc(O)cc2oc2c(O)ccc(O)c12,0.5325372219085693
Drug 156,O=C(O)c1c(Cl)c(Cl)c(Cl)c2oc3c(Br)c(O)c(Br)cc3c(=O)c12,0.24123509228229523
Drug 2269,COc1cc(O)c2c(=O)c3cc(O)ccc3oc2c1,0.5810123682022095
Drug 557,O=C(O)C1CSC(c2ccccc2O)N1C(=O)CCSSCCC(=O)N1C(C(=O)O)CSC1c1ccccc1O,0.11166788637638092
Drug 5344,Cc1cccc2c1-c1cc3ccccc3cc1C1NC21,0.8954846262931824
Drug 6802,Cc1c2c(cc3ccccc13)-c1ccccc1C1NC21,0.9055277705192566
Drug 3367,CCc1c2c(cc3ccccc13)-c1ccccc1C1NC21,0.8100086450576782
Drug 4945,c1ccc2c(c1)-c1cc3ccccc3cc1C1NC21,0.8482807278633118
Drug 3577,Cc1c2c(c(C)c3ccccc13)C1NC1c1ccccc1-2,0.851953387260437
Drug 3066,Cc1c2c(cc3ccccc13)-c1ccccc1[C@@H]1N[C@H]21,0.9055277705192566
Drug 677,C(=C/c1cccc(/C=C/c2ccccc2)c1)\c1ccccc1,0.32625532150268555
Drug 4413,O=C(CCNNC(=O)c1ccncc1)NCc1ccccc1,0.40302324295043945
Drug 6881,c1ccc2c(c1)-c1c(ccc3ccccc13)C1NC21,0.9126332402229309
Drug 4885,c1ccc2c(c1)-c1c(ccc3ccccc13)[C@@H]1N[C@H]21,0.9126332402229309
Drug 130,C[n+]1ccc(-c2cc[n+](C)cc2)cc1,0.3064177930355072
Drug 4338,CCC1(c2ccccc2)C(=O)NCNC1=O,0.19271068274974823
Drug 680,O=C(NC(=O)c1c(F)cccc1F)Nc1cc(Cl)c(Oc2ncc(C(F)(F)F)cc2Cl)c(Cl)c1,0.3432585299015045
Drug 5361,CN(C)CCN(Cc1ccsc1)c1ccccn1,0.31969350576400757
Drug 5830,O=C(/C=C/c1ccccc1)c1ccc(-c2ccccc2)cc1,0.2677789330482483
Drug 4977,CCOCCc1c(-c2ccccc2)nc(N)n2ncnc12,0.7620652914047241
Drug 4955,Nc1nc(-c2ccccc2)c(CCO)c2ncnn12,0.6320161819458008
Drug 5550,O=C(Nc1ccc2c(c1)Cc1ccccc1-2)c1ccccc1,0.6200718283653259
Drug 4495,O=C(c1ccccc1)N(O)c1ccc2c(c1)Cc1ccccc1-2,0.9489160776138306
Drug 3048,O=C1Nc2ccc([N+](=O)[O-])cc2C1=O,0.8378385305404663
Drug 4923,O=C1Nc2ccc(S(=O)(=O)O)cc2C1=O,0.27348846197128296
Drug 4383,Cc1ccc(S(=O)(=O)N2C3c4ccccc4-c4ccccc4C32)cc1,0.7235945463180542
Drug 3198,O=C1C(=O)c2cccc3cccc1c23,0.7989899516105652
Drug 5904,COC(=O)Nc1nc2cc(OS(=O)(=O)c3ccc(F)cc3)ccc2[nH]1,0.2826637625694275
Drug 1533,CC1=C(O)C(O)=C(C2=C(O)C(O)=C(C)C(=O)C2=O)C(=O)C1=O,0.22736386954784393
Drug 7381,C1=CC2c3ccccc3OC2O1,0.6466186046600342
Drug 580,C1=C[C@@H]2c3ccccc3O[C@@H]2O1,0.6466186046600342
Drug 1693,COc1cc(OC)c2c(c1)OC1OC=CC21,0.6064065098762512
Drug 2140,OC1=c2c(O)cc3cccc4ccc(c2c43)C23CCCCC12O3,0.5823761820793152
Drug 2944,Cc1cccc(N=Nc2c(O)ccc3ccccc23)c1C,0.8268667459487915
Drug 2690,Cc1ccccc1N=Nc1c(O)ccc2ccccc12,0.818149745464325
Drug 11,Cc1ccc(N=Nc2c(O)ccc3ccccc23)c([N+](=O)[O-])c1,0.9164837598800659
Drug 1682,O=S(=O)(O)c1ccc(N=Nc2c(O)ccc3cc(S(=O)(=O)O)cc(S(=O)(=O)O)c23)cc1,0.39351123571395874
Drug 7140,O=S(=O)(O)c1cc(S(=O)(=O)O)c2c(N=Nc3ccccc3)c(O)ccc2c1,0.45445358753204346
Drug 7014,O=S(=O)(O)c1ccc(N=Nc2c(O)ccc3cc(S(=O)(=O)O)ccc23)cc1,0.2841787040233612
Drug 5280,Cc1ccc(N=Nc2c(O)ccc3ccccc23)cc1,0.818149745464325
Drug 5375,Cc1ccc(N=Nc2c(O)c(S(=O)(=O)O)cc3cc(S(=O)(=O)O)ccc23)c(C)c1,0.163325697183609
Drug 40,Oc1ccc2ccccc2c1N=Nc1ccccc1,0.7821967005729675
Drug 946,Cc1ccc(N=Nc2c(O)ccc3ccccc23)cc1C,0.8755902051925659
Drug 3380,Cc1cc(C)cc(N=Nc2c(O)ccc3ccccc23)c1,0.8022522926330566
Drug 566,Cc1ccc(N=Nc2c(O)ccc3ccccc23)c(S(=O)(=O)O)c1,0.35143211483955383
Drug 1983,CN(C)c1ccc(N=Nc2cccc3ccccc23)cc1,0.8851787447929382
Drug 3396,O=S(=O)(O)c1ccc2c(N=Nc3ccccc3)c(O)ccc2c1,0.33680084347724915
Drug 72,Nc1ccc2ccccc2c1N=Nc1ccc([N+](=O)[O-])cc1,0.9524492025375366
Drug 6505,Cc1cc(C)c(N=Nc2c(O)c(S(=O)(=O)O)cc3cc(S(=O)(=O)O)ccc23)cc1C,0.16667470335960388
Drug 5967,O=[N+]([O-])c1ccc(N=Nc2c(O)ccc3ccccc23)c(Cl)c1,0.8909157514572144
Drug 464,COc1ccc(OC)c(N=Nc2c(O)ccc3ccccc23)c1,0.8431897163391113
Drug 4565,O=S(=O)(O)c1ccc(N=Nc2ccc(O)c3ccccc23)cc1,0.29079607129096985
Drug 4441,O=S(=O)(O)c1ccc(N=Nc2c(O)ccc3ccccc23)cc1,0.3332862854003906
Drug 5979,Cc1ccc(N=Nc2c(O)c(C(=O)O)cc3ccccc23)cc1S(=O)(=O)O,0.3860938847064972
Drug 6236,Cc1ccc(N=Nc2c(O)ccc3ccccc23)cc1S(=O)(=O)O,0.4623679220676422
Drug 97,Cc1ccc(N=Nc2c(O)c(C(=O)O)cc3ccccc23)c(S(=O)(=O)O)c1,0.2837983965873718
Drug 3684,COc1ccccc1N=Nc1c(O)ccc2ccccc12,0.818149745464325
Drug 5734,Cc1cccc(C)c1N=Nc1c(O)ccc2ccccc12,0.8268667459487915
Drug 4460,O=[N+]([O-])c1ccc(N=Nc2c(O)ccc3ccccc23)c([N+](=O)[O-])c1,0.9181888103485107
Drug 6253,Cc1ccc(N=Nc2c(O)ccc3ccccc23)c(C)c1,0.8144156336784363
Drug 5744,O=S(=O)(O)c1ccc(N=Nc2c(O)c(S(=O)(=O)O)cc3cc(S(=O)(=O)O)ccc23)cc1,0.18974612653255463
Drug 501,Nc1ccc2ccccc2c1N=Nc1ccccc1,0.8780220746994019
Drug 1144,Nc1ccc2cc(S(=O)(=O)O)cc(O)c2c1N=Nc1ccc([N+](=O)[O-])cc1S(=O)(=O)O,0.6011091470718384
Drug 1791,COc1cc(S(=O)(=O)O)c(C)cc1N=Nc1c(O)ccc2cc(S(=O)(=O)O)ccc12,0.29502618312835693
Drug 3971,O=[N+]([O-])c1cc2ccc(N(CCCl)CCCl)cc2o1,0.8866401314735413
Drug 3012,O=[N+]([O-])c1cc2cc(N(CCCl)CCCl)ccc2o1,0.8866401314735413
Drug 1957,c1ccc2occc2c1,0.3890712261199951
Drug 714,COc1ccc(N(CCCl)CCCl)c2cc([N+](=O)[O-])oc12,0.9565372467041016
Drug 171,COc1ccc2oc([N+](=O)[O-])cc2c1N(CCCl)CCCl,0.8581978678703308
Drug 7105,CCc1cccc2cc(C(O)CNC(C)(C)C)oc12,0.40264663100242615
Drug 5562,CCc1cccc2cc([C@H](O)CNC(C)(C)C)oc12,0.40264663100242615
Drug 6173,COc1ccc(N(CCCl)CCCl)c2oc([N+](=O)[O-])cc12,0.9565372467041016
Drug 7103,COc1cc2c(cc1OC)C13CCN4CC5=CCOC6CC(=O)N2C1C6C5CC43,0.34595638513565063
Drug 1647,COc1cc2c(cc1OC)[C@@]13CCN4CC5=CCO[C@@H]6CC(=O)N2[C@H]1[C@H]6[C@@H]5C[C@@H]43,0.34595638513565063
Drug 5482,Oc1ccc(O[PH]2(Oc3ccc(O)cc3)N[PH](Oc3ccc(O)cc3)(Oc3ccc(O)cc3)N[PH](Oc3ccc(O)cc3)(Oc3ccc(O)cc3)N2)cc1,0.2961193323135376
Drug 7007,O=C1C(=O)c2c(ccc3ccccc23)-c2ccccc21,0.7150097489356995
Drug 6573,CC(=O)C(N=Nc1ccc(-c2ccc(N=NC(C(C)=O)C(=O)Nc3ccccc3)c(Cl)c2)cc1Cl)C(=O)Nc1ccccc1,0.6074265241622925
Drug 4159,CC(=O)[C@@H](N=Nc1ccc(-c2ccc(N=N[C@H](C(C)=O)C(=O)Nc3ccccc3)c(Cl)c2)cc1Cl)C(=O)Nc1ccccc1,0.6074265241622925
Drug 214,CC(=O)C(N=Nc1ccc(-c2ccc(N=NC(C(C)=O)C(=O)Nc3ccc(C)cc3C)c(Cl)c2)cc1Cl)C(=O)Nc1ccc(C)cc1C,0.627580463886261
Drug 518,COc1ccccc1NC(=O)C(N=Nc1ccc(-c2ccc(N=NC(C(C)=O)C(=O)Nc3ccccc3OC)c(Cl)c2)cc1Cl)C(C)=O,0.6122146248817444
Drug 6060,Cc1cc(=O)oc2ccc3c(c12)C1(C)OOC1(C)O3,0.6665365695953369
Drug 5838,C1CCC(NC2CCCCC2)CC1,0.29006892442703247
Drug 3864,C1COCCOCCOCCOCCOCCO1,0.36656203866004944
Drug 1549,C1COCCOCCOCCOCCO1,0.36656203866004944
Drug 6847,CC1CS(=O)(=O)CCN1N=Cc1ccc([N+](=O)[O-])o1,0.8591075539588928
Drug 1027,C[C@H]1CS(=O)(=O)CCN1/N=C/c1ccc([N+](=O)[O-])o1,0.8591075539588928
Drug 2227,O=c1[nH]sc2cc([N+](=O)[O-])ccc12,0.909552276134491
Drug 2275,Nc1ccc2c(=O)[nH]sc2c1,0.7639756798744202
Drug 1086,CC(CC1=C(C=O)COC1O)C1=CCC(C)(C)C1,0.41419529914855957
Drug 6679,OC1C=Cc2ccc3c(ccc4ccccc43)c2C1O,0.8530415892601013
Drug 3822,O=[N+]([O-])c1cc2c(ccc3ccccc32)c2c1C=C[C@@H](O)[C@@H]2O,0.904087483882904
Drug 2224,CC1=CCCc2c1cc(C)c1c2ccc2ccccc21,0.8968906998634338
Drug 6781,O=[N+]([O-])c1cc2c(ccc3ccccc32)c2c1C=CC(O)C2O,0.904087483882904
Drug 1689,O[C@@H]1C=Cc2ccc3c(ccc4ccccc43)c2[C@H]1O,0.8530415892601013
Drug 7175,Clc1ccc(COC(Cn2ccnc2)c2ccc(Cl)cc2Cl)cc1,0.4012913107872009
Drug 1612,Clc1ccc(CO[C@H](Cn2ccnc2)c2ccc(Cl)cc2Cl)cc1,0.4012913107872009
Drug 7041,C=C1C(=O)OC2C1CCC(C)C1=CCC(=O)C12C,0.23364724218845367
Drug 6042,COc1cc2c(cc1O)CCN[C@]21CSC2c3c(OC(C)=O)c(C)c4c(c3[C@H](COC1=O)N1[C@@H](O)[C@@H]3Cc5cc(C)c(OC)c(O)c5[C@H]([C@H]21)N3C)OCO4,0.40905022621154785
Drug 448,O=c1c2c(O)cccc2oc2cc3c(c(O)c12)C1CCOC1O3,0.5118404626846313
Drug 6808,O=C1N(CO)C(O)C(O)N1CO,0.3249020576477051
Drug 494,O=C1N(CO)[C@H](O)[C@@H](O)N1CO,0.3249020576477051
Drug 5175,O=NN1CCNC1=O,0.8915977478027344
Drug 6971,CNP1(NC)=NP(NC)(NC)=NP(NC)(NC)=N1,0.4973737299442291
Drug 5286,O=c1c(Cl)c(Cl)cnn1S(=O)(=O)c1ccc(Cl)cc1Cl,0.19679979979991913
Drug 3729,Cc1ccc(S(=O)(=O)n2ncc(Cl)c(Cl)c2=O)cc1,0.12509384751319885
Drug 4534,O=c1c(Cl)c(Cl)cnn1S(=O)(=O)c1ccccc1,0.11862286925315857
Drug 1305,COc1ccc(S(=O)(=O)n2ncc(Cl)c(Cl)c2=O)cc1,0.19046328961849213
Drug 602,O=c1c(Cl)c(Cl)cnn1S(=O)(=O)c1ccc(Cl)cc1,0.1143558993935585
Drug 439,Cc1cnc2ccc3c(nc(NC4OC(C(=O)O)C(O)C(O)C4O)n3C)c2n1,0.3757459223270416
Drug 6435,O=S1OCC2C(CO1)C1(Cl)C(Cl)=C(Cl)C2(Cl)C1(Cl)Cl,0.47793880105018616
Drug 1839,O=S1OC[C@H]2[C@H](CO1)[C@@]1(Cl)C(Cl)=C(Cl)[C@]2(Cl)C1(Cl)Cl,0.47793880105018616
Drug 4724,CCN1CCN=N1,0.19642584025859833
Drug 4421,CN1CCN=N1,0.3064177930355072
Drug 22,Cc1cc2c(nc(N)n2C)c2ncc(-c3ccccc3)nc12,0.8787127137184143
Drug 6061,C(=NC1CCCCC1)=NC1CCCCC1,0.664847195148468
Drug 1874,CN1CCc2c1ccc1ccc3ccc(O)cc3c21,0.9131345152854919
Drug 4295,COc1c(Cl)cc2c(c1OC)N(C)C1N3C(=O)C4(C)SSC3(C(=O)N4C)C(O)C21O,0.4247271418571472
Drug 5721,O[C@H]1C=Cc2cc3c(cc2[C@@H]1O)-c1cccc2cccc-3c12,0.8524659276008606
Drug 6730,OC1C=Cc2cc3c(cc2C1O)-c1cccc2cccc-3c12,0.8524659276008606
Drug 5982,S=C(Nc1ccccc1)Nc1ccccc1,0.3212898075580597
Drug 1700,O=c1c(=O)c2cc3ccccc3c3ccc4cccc1c4c23,0.8639796376228333
Drug 2441,Cn1cnc([N+](=O)[O-])c1Sc1[nH]cnc2ncnc1-2,0.8392388224601746
Drug 1394,O=C1CCCCCCCCCCCCCCO1,0.38180261850357056
Drug 5088,N/C(=N\OC1OC(C(=O)O)C(O)C(O)C1O)c1ccccc1,0.19742345809936523
Drug 7263,CC1CC2OC(=O)C3(C)C2C(OC3(C)O)C2(C)C(=O)C=CC12,0.30679789185523987
Drug 2262,C[C@@H]1C[C@H]2OC(=O)[C@]3(C)[C@H]2[C@@H](O[C@]3(C)O)[C@@]2(C)C(=O)C=C[C@@H]12,0.30679789185523987
Drug 866,CC1(C)CC(O)CC(C)(C)N1O,0.2642062306404114
Drug 7418,O=NN1CCC(Br)C(Br)C1,0.9429256319999695
Drug 4393,O=NN1CCC[C@H](Cl)C1,0.9251989722251892
Drug 2602,CC1(C)CC(N)CC(C)(C)N1O,0.2895652949810028
Drug 7522,O=NN1CCCC(Cl)C1,0.9251989722251892
Drug 5198,CC1CCN(N=O)CC1,0.918107807636261
Drug 3279,O=NN1CCC(Cl)CC1,0.9293563365936279
Drug 7544,CC1CCCCN1N=O,0.8937438130378723
Drug 6162,C[C@@H]1CCCCN1N=O,0.8937438130378723
Drug 1684,O=NN1CCC[C@H](O)C1,0.9046795964241028
Drug 596,O=NN1CCCCC1,0.9045254588127136
Drug 4341,C[C@H]1CCCN(N=O)C1,0.8937438130378723
Drug 823,O=NN1CC[C@H](Br)[C@@H](Br)C1,0.9429256319999695
Drug 4596,CC1(C)CCCC(C)(C)N1O,0.27964216470718384
Drug 7239,CC1CCCN(N=O)C1,0.8937438130378723
Drug 2395,O=NN1CCC(O)CC1,0.898343563079834
Drug 7401,O=NN1CCCC(O)C1,0.9046795964241028
Drug 4993,c1ccc2cc3c(cc4c5c(cccc53)C3OC43)cc2c1,0.960351824760437
Drug 3866,O=C1c2ccccc2C(=O)C1c1ccc2ccccc2n1,0.593082845211029
Drug 1104,O=C1CCc2c1cc(C(F)(F)F)c1c3c(ccc21)[C@H](O)[C@@H](O)C=C3,0.7524536848068237
Drug 2117,O=C1CCc2c1ccc1c3c(ccc21)C(O)C(O)C=C3,0.4924054741859436
Drug 6882,O=C1CCc2c1cc(C(F)(F)F)c1c3c(ccc21)C(O)C(O)C=C3,0.7524536848068237
Drug 4236,c1ccc2c(OCC3CO3)nsc2c1,0.8531381487846375
Drug 303,c1ccc2nc3c4ccccc4c4ccccc4c3cc2c1,0.8849462270736694
Drug 736,COc1nncc2ccncc12,0.6089972257614136
Drug 3299,NNc1nncc2ccncc12,0.7714390754699707
Drug 3174,COc1nncc2cnccc12,0.5496718883514404
Drug 6192,NNc1nncc2cnccc12,0.7714390754699707
Drug 3156,Clc1nncc2cnccc12,0.4308868944644928
Drug 5401,Clc1nncc2ccncc12,0.4308868944644928
Drug 414,c1cc2cnncc2cn1,0.4375280439853668
Drug 4530,CC1=C(O)C(=O)C(O)CO1,0.4836956560611725
Drug 6338,CC(C)CC(=O)OCc1cocc2c(C=O)ccc1-2,0.4131624102592468
Drug 3373,CC(=O)OCc1cocc2c(C=O)ccc1-2,0.5909109115600586
Drug 2562,CC(C)c1cc(-c2ccccc2)ccc1N,0.6724965572357178
Drug 1542,c1ccc(-c2ccccc2)cc1,0.2762422561645508
Drug 2054,Cc1cc(N)ccc1-c1ccc(N)cc1C,0.895267128944397
Drug 522,Nc1ccc(-c2ccc(N)c(O)c2)cc1O,0.5713991522789001
Drug 3082,Nc1ccc(-c2ccc(Cl)cc2)cc1,0.4916365146636963
Drug 4619,Nc1ccccc1-c1ccccc1,0.6998506188392639
Drug 3600,O=Nc1cccc(-c2ccccc2)c1,0.8336749076843262
Drug 4624,O=[N+]([O-])c1ccc(-c2ccc([N+](=O)[O-])c([N+](=O)[O-])c2)c([N+](=O)[O-])c1,0.897424578666687
Drug 537,Nc1cccc(-c2ccccc2)c1,0.61433345079422
Drug 27,Cc1ccccc1-c1ccccc1,0.4231977164745331
Drug 5152,ONc1cccc(-c2ccccc2)c1,0.6217485666275024
Drug 6773,O=[N+]([O-])c1ccc(-c2ccccc2)c([N+](=O)[O-])c1,0.7785632610321045
Drug 1579,Nc1ccc(-c2ccc([N+](=O)[O-])cc2N)c([N+](=O)[O-])c1,0.9477292895317078
Drug 2608,O=[N+]([O-])c1cc(-c2cccc([N+](=O)[O-])c2O)ccc1O,0.5386562347412109
Drug 2609,Nc1ccc(-c2ccccc2)cc1,0.6712321043014526
Drug 6196,O=P(O)(O)Oc1c(Br)cc(Br)cc1-c1cc(Br)cc(Br)c1O,0.40718939900398254
Drug 7467,Nc1ccc(-c2ccc(N)c(Cl)c2)c(Cl)c1,0.8170614242553711
Drug 2621,CCCCCCc1ccc(-c2ccc(C#N)cc2)cc1,0.049322351813316345
Drug 67,Fc1ccccc1-c1ccccc1,0.4425816833972931
Drug 68,Clc1ccc(-c2ccc(Cl)c(Cl)c2Cl)cc1Cl,0.4349687099456787
Drug 1607,Nc1cc(N)c(-c2ccccc2)c([N+](=O)[O-])c1,0.8742663860321045
Drug 2119,Nc1ccc(-c2ccc(N)cc2[N+](=O)[O-])cc1,0.9361135363578796
Drug 587,O=Nc1ccc(-c2ccccc2)cc1,0.8319846987724304
Drug 6221,CCOC(=O)C(=NNc1ccc(-c2ccc(NN=C(C(=O)OCC)C(=O)OCC)c(Cl)c2)cc1Cl)C(=O)OCC,0.46765393018722534
Drug 4174,Cc1cc(N)ccc1-c1ccc(O)cc1,0.8366970419883728
Drug 2128,Cc1cc(-c2ccccc2C)ccc1N,0.8812702298164368
Drug 4688,Oc1ccc(-c2ccc(O)cc2)cc1,0.2594210207462311
Drug 2642,CC(C)(C)c1cc(-c2ccccc2)ccc1NO,0.5982860922813416
Drug 3690,COc1ccccc1-c1ccccc1,0.4231977164745331
Drug 6250,Nc1ccc(-c2ccc(N)c(F)c2)cc1F,0.7621031999588013
Drug 127,O=Nc1ccccc1-c1ccccc1,0.7835072875022888
Drug 3712,COC(=O)C(C)(C)Oc1ccc(-c2ccc(Cl)cc2)cc1,0.20956218242645264
Drug 3211,O=[N+]([O-])c1ccc(-c2ccccc2)cc1,0.7448897957801819
Drug 140,CCCCON(OC(C)=O)C(=O)c1ccc(-c2ccccc2)cc1,0.8821796774864197
Drug 3725,Oc1ccccc1-c1ccccc1O,0.5138154625892639
Drug 5773,COC(=O)c1cc(-c2ccc(N)c(C(=O)OC)c2)ccc1N,0.4654594957828522
Drug 4245,Nc1ccc(-c2ccc(N)c([N+](=O)[O-])c2)cc1[N+](=O)[O-],0.9075114130973816
Drug 6888,CNC(=O)Oc1ccc(-c2ccccc2)cc1,0.3150337040424347
Drug 3232,O=[N+]([O-])c1cc([N+](=O)[O-])c(-c2ccccc2)c([N+](=O)[O-])c1,0.7971920371055603
Drug 1195,Nc1ccc(-c2ccc([N+](=O)[O-])cc2)cc1,0.9028850793838501
Drug 3761,CCOC(=O)C(=NNc1ccc(-c2ccc(NN=C(C(=O)OCC)C(=O)OCC)cc2)cc1)C(=O)OCC,0.47903379797935486
Drug 4277,O=[N+]([O-])c1ccc(-c2ccc([N+](=O)[O-])cc2[N+](=O)[O-])cc1,0.8798754215240479
Drug 2238,CC(=O)ON(C(C)=O)c1ccc(-c2ccccc2)cc1,0.6675933599472046
Drug 1216,CCC(=O)N(O)c1ccc(-c2ccccc2)cc1,0.4443588852882385
Drug 5824,Nc1ccc(-c2ccc(N)c(Cl)c2)cc1Cl,0.5733720064163208
Drug 1737,Nc1ccc(-c2ccc(N)cc2[N+](=O)[O-])c([N+](=O)[O-])c1,0.9361135363578796
Drug 4298,CC(C)(C)c1cc(-c2ccccc2)ccc1[N+](=O)[O-],0.29972749948501587
Drug 717,Nc1ccc(-c2ccc(N)cc2)cc1,0.6527334451675415
Drug 2783,Brc1cc(Br)c(-c2c(Br)cc(Br)cc2Br)c(Br)c1,0.2649780809879303
Drug 1250,CC(C)(C)c1cc(-c2ccccc2)ccc1N=O,0.7700005769729614
Drug 5870,Cc1cc(-c2ccc(N)c(C)c2)ccc1N,0.7578639984130859
Drug 3315,CC(C)(C)c1ccc(-c2ccc(NO)cc2)cc1,0.4980712831020355
Drug 1268,O=[N+]([O-])c1ccccc1-c1ccccc1,0.7069196701049805
Drug 6985,Brc1ccccc1-c1ccccc1,0.49012550711631775
Drug 4861,Brc1cccc(-c2ccccc2)c1,0.21678683161735535
Drug 5887,O=[N+]([O-])c1cccc(-c2ccccc2)c1O,0.43448901176452637
Drug 1800,COc1cc(-c2ccc(N=C=O)c(OC)c2)ccc1N=C=O,0.6810948848724365
Drug 270,O=[N+]([O-])c1cc(-c2ccc(O)c([N+](=O)[O-])c2)ccc1O,0.6227880716323853
Drug 3344,O=C(CBr)c1ccc(-c2ccccc2)cc1,0.31501874327659607
Drug 281,COc1cc(-c2cc(OC)cc(C(C)(C)C)c2O)c(O)c(C(C)(C)C)c1,0.3554013669490814
Drug 796,CC(=O)Nc1ccc(-c2ccc(N)cc2)cc1,0.6123158931732178
Drug 810,CCc1cc(-c2ccccc2)cc(CC)c1N,0.4905460476875305
Drug 3379,Nc1c(F)cc(-c2cc(F)c(N)c(F)c2)cc1F,0.6661431193351746
Drug 324,O=[N+]([O-])c1ccc(-c2ccccc2[N+](=O)[O-])c([N+](=O)[O-])c1,0.851709246635437
Drug 2372,CC(C)(C)c1ccc(-c2ccc([N+](=O)[O-])cc2)cc1,0.2474742829799652
Drug 4938,O=[N+]([O-])c1cc(-c2ccccc2)cc([N+](=O)[O-])c1O,0.405862420797348
Drug 4940,CC(C)(C)c1ccc(-c2ccc(N=O)cc2)cc1,0.8366173505783081
Drug 846,Oc1ccccc1-c1ccccc1,0.39250943064689636
Drug 2387,ONc1ccc(-c2ccccc2)cc1,0.59117192029953
Drug 345,Nc1cc([N+](=O)[O-])c(-c2ccccc2)c([N+](=O)[O-])c1,0.8564623594284058
Drug 349,Oc1ccc(-c2ccccc2)cc1,0.229056254029274
Drug 3934,O=[N+]([O-])c1cc(-c2ccccc2)ccc1O,0.5387734174728394
Drug 4445,ONc1ccccc1-c1ccccc1,0.750503659248352
Drug 1891,Nc1ccc(-c2ccc(N)c(N)c2)cc1N,0.6992647051811218
Drug 1381,O=[N+]([O-])c1cccc(-c2ccc([N+](=O)[O-])cc2[N+](=O)[O-])c1,0.6916892528533936
Drug 1384,CC(=O)Nc1ccc(-c2ccc(NC(C)=O)cc2)cc1,0.36619189381599426
Drug 4971,COc1cc(-c2ccc(N)c(OC)c2)ccc1N,0.6992647051811218
Drug 1411,O=[N+]([O-])c1ccc(-c2ccc([N+](=O)[O-])cc2[N+](=O)[O-])c([N+](=O)[O-])c1,0.8798754215240479
Drug 5015,O=Cc1cccc(-c2ccccc2)c1,0.32625532150268555
Drug 2459,Nc1ccc(-c2cc(Cl)c(N)c(Cl)c2)cc1,0.566300630569458
Drug 929,CC(=O)Nc1ccc(-c2ccccc2)cc1,0.3156541585922241
Drug 1968,Nc1ccc(-c2ccc(N)cc2S(=O)(=O)O)c(S(=O)(=O)O)c1,0.6645543575286865
Drug 4016,Nc1cc(Cl)c(-c2cc(Cl)c(N)cc2Cl)cc1Cl,0.7691736817359924
Drug 5041,Nc1ccc(-c2cc(Cl)c(N)c(Cl)c2)cc1Cl,0.5733720064163208
Drug 6067,Nc1ccc(-c2ccc(N)c(Br)c2)cc1Br,0.668799638748169
Drug 4022,Nc1ccc(-c2ccc(N)cc2Cl)c(Cl)c1,0.7640119194984436
Drug 1465,CN(C)c1ccc(-c2ccc(N(C)C)cc2)cc1,0.5124887824058533
Drug 1990,CC(=O)N(O)c1ccc(-c2ccccc2)cc1,0.4727039039134979
Drug 6101,CC(C)c1cc(-c2ccccc2)cc(C(C)C)c1N,0.5737171769142151
Drug 1494,Cc1ccccc1-c1ccc(N)cc1,0.8233344554901123
Drug 2518,Nc1ccc(-c2ccc(N)c([N+](=O)[O-])c2)cc1,0.9293360114097595
Drug 6116,O=CN(O)c1ccc(-c2ccccc2)cc1,0.44142842292785645
Drug 492,Nc1cc([N+](=O)[O-])ccc1-c1ccc([N+](=O)[O-])cc1,0.9311647415161133
Drug 1004,Brc1ccc(-c2ccccc2)cc1,0.1893996000289917
Drug 495,O=[N+]([O-])c1cccc(-c2ccc(O)c([N+](=O)[O-])c2)c1,0.5155229568481445
Drug 3060,O=[N+]([O-])c1ccc(-c2ccc([N+](=O)[O-])cc2)cc1,0.8142843842506409
Drug 4600,CCOC(=O)C(=NNc1ccc(-c2ccc(NN=C(C(=O)OCC)C(=O)OCC)c(OC)c2)cc1OC)C(=O)OCC,0.548410177230835
Drug 5118,Cc1cc(-c2cc(C)c(N)c(C)c2)cc(C)c1N,0.6661431193351746
Drug 2307,N#C/C(=C\C=C\c1ccccc1[N+](=O)[O-])c1ccc(Br)cc1,0.699633002281189
Drug 2390,Cc1ccc(/C(C#N)=C/C=C/c2ccccc2[N+](=O)[O-])cc1,0.7077533006668091
Drug 299,N#C/C(=C\C=C\c1ccccc1)c1ccc(F)cc1,0.2573547959327698
Drug 950,N#C/C(=C\C=C\c1ccccc1)c1ccc(Cl)cc1,0.18364575505256653
Drug 7141,COC(=O)C(c1ccccc1)C1CCCCN1,0.18457436561584473
Drug 5005,COC(=O)[C@@H](c1ccccc1)[C@H]1CCCCN1,0.18457436561584473
Drug 3357,Nc1nc(O)c2[nH]nnc2n1,0.35468995571136475
Drug 1841,COc1cccc2c1C(=O)c1c(O)c3c(c(O)c1C2=O)C[C@@](O)(C(=O)CO)C[C@@H]3O[C@H]1C[C@H](N2CCOC[C@H]2C#N)[C@H](O)[C@H](C)O1,0.6671860814094543
Drug 585,COc1ccc2c(cc3c4c(cc5c(c42)OCO5)CCN3C)c1OC,0.8811396360397339
Drug 6252,Nc1c(Oc2ccccc2)cc(O)c2c1C(=O)c1ccccc1C2=O,0.7640268802642822
Drug 5232,c1ccc2c(c1)ncc1cnc3ccccc3c12,0.7849461436271667
Drug 6063,O=[N+]([O-])c1cccc2c1ncc1cnc3ccccc3c12,0.9379512071609497
Drug 1361,Nc1ccn([C@@H]2O[C@H](COP(=O)(O)O[C@@H]3[C@@H](CO)O[C@@H](n4cnc5c(N)ncnc54)[C@@H]3O)[C@@H](O)[C@H]2O)c(=O)n1,0.5848981142044067
Drug 1976,Cc1cc(O)c2c(c1)C(=O)C13C(=C2O)C(=O)C2C(O)C1C1C(O)C3C(=O)C3=C(O)c4c(O)cc(C)cc4C(=O)C321,0.16495636105537415
Drug 2370,Cc1cc(O)c2c(c1O)C(=O)C13C(=C2O)C(=O)C2C(O)C1C1C(O)C3C(=O)C3=C(O)c4c(O)cc(C)c(O)c4C(=O)C321,0.19716477394104004
Drug 1037,Cc1cc(O)c2c(=O)c3c(O)cc(O)c4c5c(O)cc(O)c6c(=O)c7c(O)cc(C)c8c1c2c(c34)c(c78)c65,0.6115161776542664
Drug 1525,Clc1cccc(Cl)c1NC1=NCCN1,0.2888928949832916
Drug 5156,C1=Cc2c(ccc3nc4ccc5ccccc5c4cc23)CC1,0.8133100271224976
Drug 1999,OC1C=Cc2c(ccc3nc4ccc5ccccc5c4cc23)C1O,0.7366670966148376
Drug 4082,CC(=O)N(OC(=O)c1ccccc1)c1ccc2c(c1)Cc1ccccc1-2,0.7890254259109497
Drug 6709,Cc1nn(C)c(NC(=O)CNCCCN2CCCCC2C)c1C(=O)c1ccccc1F,0.2776493728160858
Drug 4545,Cc1nn(C)c(NC(=O)CNCCCN2CCCC[C@H]2C)c1C(=O)c1ccccc1F,0.2776493728160858
Drug 6217,CCOC(=O)C(CCc1ccccc1)NC(C)C(=O)N1C(C(=O)O)CC2CCCCC21,0.1015610471367836
Drug 2979,Nc1nc(-c2cccnc2)cs1,0.6358270645141602
Drug 332,OC(Cn1ccnc1)c1ccc(CCc2ccccc2)cc1,0.23024418950080872
Drug 146,CC1CC2c3cccc4[nH]cc(c34)CC2N(C)C1,0.7881309390068054
Drug 4548,CN1CC(CBr)CC2c3cccc4[nH]cc(c34)CC21,0.8134421110153198
Drug 1012,C=CCn1cc2c3c(cccc31)C1CC(C)CN(C#N)C1C2,0.6684296727180481
Drug 5599,CCCn1cc2c3c(cccc31)C1CC(C)CN(C#N)C1C2,0.7237167358398438
Drug 4920,CC12CCC3C(CCC4CC(OC(=O)/C=C/c5cccc(N(CCCl)CCCl)c5)CCC43C)C1CCC(=O)N2,0.641781210899353
Drug 4743,N=C(N)c1ccc(-c2cc3ccc(C(=N)N)cc3[nH]2)cc1,0.698877215385437
Drug 1414,CC(=O)NCc1nc(-c2ccc([N+](=O)[O-])o2)no1,0.8572617769241333
Drug 4625,C#CCc1ccc(COC(=O)[C@H]2[C@H](C=C(C)C)C2(C)C)o1,0.6537272930145264
Drug 6873,C#CCc1ccc(COC(=O)C2C(C=C(C)C)C2(C)C)o1,0.6537272930145264
Drug 521,CC(=O)NCCc1ccc(O)c(-c2c(O)c(O)c3c(c2O)C(=O)c2c(cc(O)c(C(=O)O)c2C(=O)O)C3=O)c1,0.9585927724838257
Drug 2794,c1cnc2c(c1)C1OC1CC2,0.3131812512874603
Drug 5002,[N-]=[N+]=NCC(O)Cn1ccc(=O)[nH]c1=O,0.9403820037841797
Drug 1331,CCCCCCNC(=O)n1cc(F)c(=O)[nH]c1=O,0.18943990767002106
Drug 1836,CCC(C)n1c(=O)[nH]c(C)c(Br)c1=O,0.22720149159431458
Drug 5954,Cc1cn(CC(O)CN=[N+]=[N-])c(=O)[nH]c1=O,0.9312610626220703
Drug 283,COC(=O)Nc1cccc(OC(=O)Nc2cccc(C)c2)c1,0.39572766423225403
Drug 4933,CCc1nc(N)nc(N)c1-c1ccc(Cl)cc1,0.5701069831848145
Drug 286,COc1cc2c3c(cc4cc5c(cc4c3c1OC)OCO5)N(C)CC2,0.8527573347091675
Drug 5377,Cc1ccc2nc3c(ccc4ccccc43)c(CO)c2c1,0.5421333909034729
Drug 1538,Cc1ccc2nc3c(ccc4ccccc43)c(C)c2c1,0.732496976852417
Drug 6273,Cc1c2ccc(CO)cc2nc2c1ccc1ccccc12,0.6032409071922302
Drug 6149,Cc1ccc2c(C)c3ccc4ccccc4c3nc2c1,0.7880603671073914
Drug 902,Cc1cc2nc3c(ccc4ccccc43)c(C)c2cc1C,0.7880603671073914
Drug 5260,Cc1ccc2cc3ccc4ccccc4c3nc2c1,0.7880603671073914
Drug 3984,Cc1c2cccc(C)c2nc2c1ccc1ccccc12,0.7775983214378357
Drug 5394,OCc1ccc2c(CO)c3ccc4ccccc4c3nc2c1,0.5886305570602417
Drug 5273,Cc1c(C)c2c(N)c3ccccc3nc2c2ccccc12,0.9812036156654358
Drug 2336,Cc1cccc2cc3ccc4ccccc4c3nc12,0.7880603671073914
Drug 4390,CCN(CCCl)CCCNc1c2ccccc2nc2c1ccc1ccccc12,0.9171648621559143
Drug 1831,Cc1cc2c(C)c3ccccc3nc2c2ccccc12,0.8370504379272461
Drug 3756,Cc1c2ccccc2nc2c1ccc1ccccc12,0.7080762982368469
Drug 6197,Cc1cc(C)c2nc3c(ccc4ccccc43)c(C)c2c1,0.7880603671073914
Drug 4411,Cc1c2cc(CO)ccc2nc2c1ccc1ccccc12,0.5282304883003235
Drug 5823,Cc1ccc2nc3c(ccc4ccccc43)cc2c1,0.7880603671073914
Drug 1858,OCc1ccc2nc3c(ccc4ccccc43)c(CO)c2c1,0.5130874514579773
Drug 5980,NCCN(CCCl)c1c2ccccc2nc2c1ccc1ccccc12,0.8956864476203918
Drug 2400,Cc1c(C)c2c(Cl)c3ccccc3nc2c2ccccc12,0.8767545819282532
Drug 2281,Cc1ccc2c(CO)c3ccc4ccccc4c3nc2c1,0.6165380477905273
Drug 6122,Cc1cccc2nc3c(ccc4ccccc43)cc12,0.732496976852417
Drug 2693,COc1nsc2ccc(N)cc12,0.7970696687698364
Drug 4757,c1ccc2sncc2c1,0.5031344294548035
Drug 934,COc1nsc2c(N)cccc12,0.7394317388534546
Drug 4009,Nc1ccc2sncc2c1,0.88934725522995
Drug 5934,O=[N+]([O-])c1cccc2c(Cl)nsc12,0.9090713858604431
Drug 2229,Oc1nsc2ccccc12,0.28678029775619507
Drug 3644,O=[N+]([O-])c1ccc2snc(Cl)c2c1,0.9115196466445923
Drug 2498,COc1nsc2ccc([N+](=O)[O-])cc12,0.9389131665229797
Drug 5442,COc1nsc2cc([N+](=O)[O-])ccc12,0.9408267736434937
Drug 6800,O=[N+]([O-])c1ccc2c(O)nsc2c1,0.8772844672203064
Drug 326,Nc1cccc2cnsc12,0.8335035443305969
Drug 4814,O=[N+]([O-])c1ccc2sncc2c1,0.9365898370742798
Drug 975,Nc1ccc2snc(Cl)c2c1,0.6267136335372925
Drug 3561,COc1nsc2cc(N)ccc12,0.9347948431968689
Drug 875,O=[N+]([O-])c1cccc2cnsc12,0.9128870964050293
Drug 1005,O=[N+]([O-])c1ccc2c(Cl)nsc2c1,0.9085144400596619
Drug 4464,COc1nsc2c([N+](=O)[O-])cccc12,0.9386267066001892
Drug 6258,Nc1cccc2c(Cl)nsc12,0.5917895436286926
Drug 6851,COc1nsc2cccc([N+](=O)[O-])c12,0.8912460803985596
Drug 3892,O=c1oc2c(O)c(O)cc3c(=O)oc4c(O)c(O)cc1c4c23,0.6361233592033386
Drug 3693,CN[PH]1(NC)N[PH](NC)(NC)N[PH](NC)(NC)N1,0.3539794683456421
Drug 231,C[PH]1(C)N[PH](C)(C)N[PH](C)(C)N1,0.33129650354385376
Drug 3225,O=c1c2c(O)cccc2oc2c3c(cc(O)c12)OC1OCCC31,0.6100233197212219
Drug 2363,COc1ccc(O)c2c(=O)c3c(OC)cc4c(c3oc12)C1CCOC1O4,0.7807141542434692
Drug 716,COc1cc2c(c3oc4cccc(O)c4c(=O)c13)C1CCOC1O2,0.6100233197212219
Drug 4614,COc1cc(O)c2c(=O)c3c(OC)cc4c(c3oc2c1OC)C1CCOC1O4,0.8758229613304138
Drug 4141,O=C1CC2NCCCNCCCCN(CCCN1)C(=O)C1c3cc2ccc3OC1c1ccc(O)cc1,0.4033062160015106
Drug 3832,O=c1oc2cc(O)ccc2c2oc3cc(O)ccc3c12,0.5246821641921997
Drug 3553,Cc1cc(-c2cc3c(cc2F)n2c(=O)[nH]c(=O)cc2n3C2CC2)cc(C)n1,0.43784135580062866
Drug 6106,Cc1cc(-c2cc3c(cc2F)n2c(=O)n(O)c(=O)cc2n3C2CC2)cc(C)n1,0.3211016058921814
Drug 4820,c1ccc2c(CCC3CO3)cccc2c1,0.9418790936470032
Drug 3205,OCNc1ncnc2c1ncn2C1OC(CO)C(O)C1O,0.5162453055381775
Drug 7347,Nc1ncnc2c1ncn2C1CCC(CO)O1,0.49393752217292786
Drug 3484,Nc1ncnc2c1ncn2[C@@H]1CC[C@H](CO)O1,0.49393752217292786
Drug 4003,Nc1nc(O)nc2c1ncn2C1CC(O)C(CO)O1,0.7988218665122986
Drug 3108,OC[C@H]1CC[C@@H](n2cnc3c(O)ncnc32)O1,0.21701115369796753
Drug 1851,Nc1ncnc2c1ncn2C1CC(O)C(CO)O1,0.6146501302719116
Drug 1085,Nc1ncnc2c1ncn2C1OC(CO)CC1O,0.6424769163131714
Drug 7181,Nc1nc(O)c2ncn(C3OC(COP(=O)(O)O)C(O)C3O)c2n1,0.49725469946861267
Drug 3015,O=P(O)(O)OCC1OC(n2cnc3c(O)ncnc32)C(O)C1O,0.3551233112812042
Drug 6938,OCC1OC(n2cnc3c(S)ncnc32)C(O)C1O,0.41716909408569336
Drug 207,Nc1nc(O)c2nc(O)n(C3OC(CO)C(O)C3O)c2n1,0.5350150465965271
Drug 7538,OCC1CCC(n2cnc3c(O)ncnc32)O1,0.21701115369796753
Drug 6951,OCC1OC(n2cnc3c(NO)ncnc32)C(O)C1O,0.7226297855377197
Drug 2526,Nc1nc(NO)c2ncn(C3OC(CO)C(O)C3O)c2n1,0.8814877867698669
Drug 2015,OC[C@H]1O[C@@H](n2cnc3c(S)ncnc32)[C@H](O)[C@@H]1O,0.41716909408569336
Drug 1509,Nc1ncnc2c1ncn2C1OC(CO)C(O)C1O,0.6610988974571228
Drug 4198,Nc1nc(O)nc2c1ncn2C1OC(CO)C(O)C1O,0.8292386531829834
Drug 5235,OC[C@H]1O[C@@H](n2cnc3c(NO)ncnc32)[C@H](O)[C@@H]1O,0.7226297855377197
Drug 1270,Nc1nc(O)c2nc(O)n(C3CC(O)C(CO)O3)c2n1,0.4847537875175476
Drug 256,CCCC(=O)OC1CCCCC1,0.092475526034832
Drug 1281,O=C(O)[C@]1(O)C[C@H](O)[C@@H](O)[C@H](O)C1,0.24735040962696075
Drug 3842,CC(C)(OO)[C@H]1CC[C@H](C)CC1,0.2682599127292633
Drug 7120,BrCC(Br)C1CCC(Br)C(Br)C1,0.7113610506057739
Drug 6995,CC1CCC(C(C)CS)CC1S,0.34680670499801636
Drug 2954,NC1CCCC(N)C1,0.284883588552475
Drug 5134,N#CC1(O)CCCCC1,0.23303838074207306
Drug 5777,BrC[C@@H](Br)[C@@H]1CC[C@@H](Br)[C@@H](Br)C1,0.7113610506057739
Drug 6039,CC1(C)C[C@@H](N=C=O)C[C@](C)(CN=C=O)C1,0.6677448153495789
Drug 7013,NC1CCC(N)CC1,0.26784542202949524
Drug 4254,ClC1C(Br)C(Br)C(Br)C(Br)C1Br,0.7186548709869385
Drug 3873,O=C=NC1CCCCC1,0.664847195148468
Drug 2338,CC1CCC(NC(=O)N(CCCl)N=O)CC1,0.9446347951889038
Drug 7023,CC1(N)CCC(C(C)(C)N)CC1,0.09172819554805756
Drug 5414,C1CCCCC1,0.32345229387283325
Drug 555,CN(C)C1CCCCC1,0.29820698499679565
Drug 4017,O=NN(CCCl)C(=O)NC1CCCCC1,0.9470441341400146
Drug 4146,CC1(C)CC(N)CC(C)(CN)C1,0.2895652949810028
Drug 2100,CC(C(=O)O)N(CC1(O)CCC(O)C(O)C1O)N=O,0.4119747281074524
Drug 4149,O=NN(CC1(O)CCC(O)C(O)C1O)C(C(=O)O)C(=O)O,0.45331716537475586
Drug 6465,CC1CCC(C(C)C)C(O)C1,0.22447064518928528
Drug 3901,OC1CCCCC1,0.2623755633831024
Drug 3269,OCC(CO)N[C@@H]1C[C@](O)(CO)[C@H](O)[C@@H](O)[C@@H]1O,0.36646032333374023
Drug 6498,ClC1C(Cl)C(Cl)C(Cl)C(Cl)C1Cl,0.49611252546310425
Drug 5580,NC1CCCCC1,0.26784542202949524
Drug 6348,N[C@H]1CC[C@H](N)CC1,0.26784542202949524
Drug 1998,CC(C)[C@H]1CC[C@H](C)C[C@@H]1O,0.22447064518928528
Drug 2639,CC(C)[C@H]1CC[C@H](C)CC1,0.2239222675561905
Drug 3155,O=NN(CC(=O)O)CC1(O)CCC(O)C(O)C1O,0.16970910131931305
Drug 7077,OCC(CO)NC1CC(O)(CO)C(O)C(O)C1O,0.36646032333374023
Drug 7551,O=C(O)C1(O)CC(O)C(O)C(O)C1,0.24735040962696075
Drug 7559,CC1CCC(C(C)(C)OO)CC1,0.2682599127292633
Drug 6962,CC1(C)CC(N=C=O)CC(C)(CN=C=O)C1,0.6677448153495789
Drug 233,Cl[C@H]1[C@H](Cl)[C@H](Cl)[C@H](Cl)[C@@H](Cl)[C@H]1Cl,0.49611252546310425
Drug 2924,C[C@H](CS)[C@@H]1CC[C@@H](C)[C@H](S)C1,0.34680670499801636
Drug 4466,CC(C)(N)[C@H]1CC[C@@](C)(N)CC1,0.09172819554805756
Drug 6980,CC1CCC(C(C)C)CC1,0.2239222675561905
Drug 1971,O=CNc1nc(/C=C\c2ccc([N+](=O)[O-])o2)cs1,0.9300844073295593
Drug 5716,CC(=O)Nc1nc(/C=C\c2ccc([N+](=O)[O-])o2)cs1,0.924227237701416
Drug 5685,Nc1nc(/C=C\c2ccc([N+](=O)[O-])o2)cs1,0.9530342221260071
Drug 6010,CC(=O)OC1C2OC2C2=CC(=O)C3(CC2(C)C1C)OC3(C)C=O,0.43862810730934143
Drug 4276,CNC1C(O)C(OC2C(NC(=O)C(O)CN)CC(N)C(OC3CC(CN)C(O)C(O)C3O)C2O)CCC1(C)O,0.569625973701477
Drug 4748,CC(=O)OC1(C(C)=O)CCC2C3C4CC4(Cl)C4=CC(=O)C5CC5C4(C)C3CCC21C,0.23603597283363342
Drug 4354,C#CC1(O)CCC2C3CCc4cc(O)ccc4C3CCC21C,0.13296113908290863
Drug 5799,CC(CCC(=O)O)C1CCC2C3CCc4cc(O)ccc4C3CCC12C,0.07466331124305725
Drug 235,C[C@]12CC[C@H]3c4ccc(O)cc4CC[C@H]3[C@H]1CC[C@@H]2O,0.1919427067041397
Drug 6523,CC12CCC3c4ccc(O)cc4CCC3C1CCC2O,0.1919427067041397
Drug 3291,C#CC1(O)CCC2C3CCc4cc(OC)ccc4C3CCC21C,0.24355407059192657
Drug 6077,CC12CCC3c4ccc(O)cc4CCC3C1CC(O)C2O,0.3081512153148651
Drug 1137,O=S1(=O)CCCC1,0.32345229387283325
Drug 3618,O=C1NC(=O)C(c2ccccc2)(c2ccc(O)cc2)N1,0.22922895848751068
Drug 1797,O=C1NC(=O)C(c2ccccc2)(c2ccccc2)N1,0.25114861130714417
Drug 931,Cn1c(N=[N+]=[N-])nc2c3ccccc3ccc21,0.9778003692626953
Drug 6536,C=CC(O)c1ccc2c(c1)OCO2,0.35070762038230896
Drug 4321,C=CCc1cc(OC)c2c(c1)OCO2,0.4375273287296295
Drug 706,C=CC(=O)c1ccc2c(c1)OCO2,0.355925589799881
Drug 4259,O=Nc1cc2c(cc1O)OCO2,0.7316510677337646
Drug 6340,CCCCOCCOCCOCc1cc2c(cc1CCC)OCO2,0.1867276430130005
Drug 6245,O=Cc1ccc2c(c1)OCO2,0.4632657766342163
Drug 4006,CC(=O)OCc1ccc2c(c1)OCO2,0.41487744450569153
Drug 6440,CCCCCCCCS(=O)C(C)Cc1ccc2c(c1)OCO2,0.14378365874290466
Drug 5832,Oc1ccc2c(c1)OCO2,0.3348176181316376
Drug 6503,C=CC(OC(C)=O)c1ccc2c(c1)OCO2,0.399051696062088
Drug 3855,CCCCCCCCS(=O)[C@H](C)Cc1ccc2c(c1)OCO2,0.14378365874290466
Drug 5108,CCCc1ccc2c(c1)OCO2,0.45266464352607727
Drug 5940,C=C[C@@H](OC(C)=O)c1ccc2c(c1)OCO2,0.399051696062088
Drug 3255,C=C[C@@H](O)c1ccc2c(c1)OCO2,0.35070762038230896
Drug 5817,C=CCc1ccc2c(c1)OCO2,0.4483961760997772
Drug 1308,CC(=O)/C=C\c1ccc2c(c1)OCO2,0.41487744450569153
Drug 4415,C/C=C/c1ccc2c(c1)OCO2,0.4523320496082306
Drug 3641,c1cc2c3c(c4ccc5ccccc5c4cc3c1)C1OC21,0.9512770175933838
Drug 4433,CC1=C(/C=C/C(C)=C/C=C/C(C)=C/C=C/C=C(C)/C=C/C=C(C)/C=C/C2=C(C)CCCC2(C)C)C(C)(C)CCC1,0.27759790420532227
Drug 5740,CN(C)CCNC(=O)c1cccc2ccc(-c3ccccc3)nc12,0.49969029426574707
Drug 1705,[O-][n+]1cccc2c3c(ccc21)C(O)C(O)C1OC31,0.5721845030784607
Drug 3337,CC(=O)Nc1nnc(-c2ccc([N+](=O)[O-])o2)s1,0.8966947197914124
Drug 2416,CC[C@@H](C)COC(=O)/C=C/c1ccc(/N=C/c2ccc(OC)cc2)cc1,0.3416856825351715
Drug 1561,CCCCOc1ccc(/C=N/c2ccc(CC)cc2)cc1,0.4608035683631897
Drug 5206,CCCCc1ccc(/N=C\c2ccc(OC)cc2)cc1,0.3499628007411957
Drug 6764,CCC(C)COC(=O)C=Cc1ccc(N=Cc2ccc(OC)cc2)cc1,0.3416856825351715
Drug 7399,COc1cc2c(c3oc(=O)c4c(c13)C(O)CC4O)C1C=COC1O2,0.7818523645401001
Drug 4125,COc1cc2c(c3oc(=O)c4c(c13)CC[C@@H]4O)[C@@H]1C=CO[C@@H]1O2,0.6248992681503296
Drug 6490,COc1cc2c(c3oc(=O)c4c(c13)CCC4O)C1C=COC1O2,0.6248992681503296
Drug 2645,COc1cc2c(c3oc(=O)c4c(c13)[C@@H](O)C[C@@H]4O)[C@@H]1C=CO[C@@H]1O2,0.7818523645401001
Drug 8,CCN(CC(O)C1=CC(=O)C(=[N+]=[N-])C=C1)N=O,0.9307529926300049
Drug 3835,CCCCN(C[C@@H](O)C1=CC(=[N+]=[N-])C(=O)C=C1)N=O,0.9577916264533997
Drug 6,CCCCN(CC(O)C1=CC(=[N+]=[N-])C(=O)C=C1)N=O,0.9577916264533997
Drug 6772,CCCCN(CC(O)C1=CC(=[N+]=[N-])C(=O)C=C1)N=O,0.9577916264533997
Drug 2557,Nc1ccc(N=Nc2ccc(N=Nc3c(S(=O)(=O)O)cc4cc(S(=O)(=O)O)c(N=Nc5ccc(N=Nc6ccc(N)cc6N)cc5)c(O)c4c3N)cc2)c(N)c1,0.5311776399612427
Drug 757,O=c1ccc2cc(O[C@@H]3O[C@H](CO)[C@@H](O)[C@H](O)[C@H]3O)c(O)cc2o1,0.30218392610549927
Drug 6072,c1ccc2c([C@@H]3CO3)c3ccccc3cc2c1,0.9449908137321472
Drug 7527,Cc1c2ccccc2c(C2CO2)c2ccccc12,0.8285491466522217
Drug 7473,c1ccc2c(C3CO3)c3ccccc3cc2c1,0.9449908137321472
Drug 5614,Cc1c2ccccc2c([C@@H]2CO2)c2ccccc12,0.8285491466522217
Drug 6308,O=[N+]([O-])c1ccc(SSc2ccc([N+](=O)[O-])cc2)cc1,0.8142843842506409
Drug 2899,C=C1C(=O)O[C@@H]2C[C@H](C)[C@H]3C[C@@H](O)O[C@@H](O)[C@]3(C)C[C@H]12,0.6541445851325989
Drug 1108,C=C1C(=O)O[C@@H]2C[C@H](C)[C@H]3C[C@@H](OCC)O[C@@H](OCC)[C@]3(C)C[C@H]12,0.296362042427063
Drug 7415,C=C1C(=O)OC2CC(C)C3CC(OCC)OC(OCC)C3(C)CC12,0.296362042427063
Drug 7416,C=C1C(=O)OC2CC(C)C3CC(O)OC(O)C3(C)CC12,0.6541445851325989
Drug 3590,O=C1c2ccccc2CCc2ccccc21,0.5987895727157593
Drug 5556,CC(C)CC1NC(=O)C(C)N(C)C(=O)CNC(=O)/C(=C\c2ccccc2)N(C)C1=O,0.29026055335998535
Drug 2816,O=[N+]([O-])c1cc[n+]([O-])c2ccccc12,0.9084152579307556
Drug 3233,[O-][n+]1cccc2ccccc21,0.5124295353889465
Drug 4384,[O-][n+]1ccc(NO)c2ccccc21,0.6921521425247192
Drug 7357,[O-][n+]1ccc(NO)c2ccccc21,0.6921521425247192
Drug 5205,[O-][n+]1cccc2cccc(O)c21,0.5159081816673279
Drug 4339,O=[N+]([O-])c1ccc2ccc3c4ccccc4[n+]([O-])c4ccc1c2c34,0.9566482901573181
Drug 765,[O-][n+]1c2ccccc2c2ccc3cccc4ccc1c2c34,0.8742580413818359
Drug 3926,O=[N+]([O-])c1ccc2ccc3c4c(ccc1c24)c1ccccc1[n+]3[O-],0.9566482901573181
Drug 3610,Cc1cc(C2(c3cc(C)c(O)cc3C)OS(=O)(=O)c3ccccc32)c(C)cc1O,0.3032131493091583
Drug 1351,O=S1(=O)OC(c2cc(Br)c(O)c(Br)c2)(c2cc(Br)c(O)c(Br)c2)c2ccccc21,0.3694695830345154
Drug 7243,c1ccc2c(c1)ccc1cc3c(cc12)c1c(c2ccccc23)O1,0.9121689200401306
Drug 2817,CC1(C)C(C(=O)OC(C#N)c2cccc(Oc3ccccc3)c2)C1(C)C,0.41767844557762146
Drug 7375,CC1(C)C(C=C(Br)Br)C1C(=O)OC(C#N)c1cccc(Oc2ccccc2)c1,0.5837645530700684
Drug 51,CC(C)=CC1C(C(=O)OCc2cccc(Oc3ccccc3)c2)C1(C)C,0.5888331532478333
Drug 6884,CC1(C)C(C=C(Cl)Cl)C1C(=O)OCc1cccc(Oc2ccccc2)c1,0.7712470889091492
Drug 6110,CC1(C)C(C=C(Cl)Cl)C1C(=O)OC(C#N)c1cccc(Oc2ccccc2)c1,0.839489221572876
Drug 4253,O=C1CN(CCN2CC(=O)N(CN3CCOCC3)C(=O)C2)CC(=O)N1CN1CCOCC1,0.42932435870170593
Drug 209,CNCc1ccc(CSCCN=C(NC[C@H](O)c2ccc(O)cc2)NS(C)(=O)=O)o1,0.5091906189918518
Drug 409,O=C(Nc1ccccc1)Nc1snc2ccccc12,0.3618232309818268
Drug 4380,O=c1c(O)c(O)c1=O,0.2990378737449646
Drug 3203,Nc1ncnc2c1ncn2C(c1ccccc1)(c1ccccc1)c1ccccc1,0.43591225147247314
Drug 7064,CC=C1CC2C=CC1C2,0.2835123836994171
Drug 310,C/C=C1\C[C@@H]2C=C[C@H]1C2,0.2835123836994171
Drug 1425,[N-]=[N+]=C1C=CC(=O)C=C1,0.7162293195724487
Drug 6665,[N-]=[N+]=C1C=CC(=O)C=C1,0.7162293195724487
Drug 5875,Cn1cnc(N=O)c1-c1ccccc1,0.8257367014884949
Drug 3414,Cn1cnc([N+](=O)[O-])c1-c1ccccc1,0.676879346370697
Drug 5571,O=c1c2ccc3c4c(ccc(c24)c2nc4ccccc4n12)c(=O)n1c2ccccc2nc31,0.7764806747436523
Drug 873,C[C@H]1CCCC(=O)CCC/C=C\c2cc(O)cc(O)c2C(=O)O1,0.21556183695793152
Drug 6469,CC1CCCC(=O)CCCC=Cc2cc(O)cc(O)c2C(=O)O1,0.21556183695793152
Drug 6107,CN1CCN(c2ccc3[nH]c(CCCCCCc4ccc5[nH]c(-c6ccc(N(CCCl)CCCl)cc6)nc5c4)nc3c2)CC1,0.8669764995574951
Drug 625,COC(=O)c1cc(OC)c2c(c1-c1c(C(=O)OC)cc(OC)c3c1OCO3)OCO2,0.44414007663726807
Drug 3254,CC(C)(C)OOC1(C)C=C(C(C)(C)C)C(=O)C(C(C)(C)C)=C1,0.26365503668785095
Drug 6954,Nc1ccc2c(c1)Cn1c-2nc2ccccc2c1=O,0.8841405510902405
Drug 5497,CC(C)c1ccc2oc3nc(N)c(C(=O)O)cc3c(=O)c2c1,0.3565220534801483
Drug 2595,O=S(=O)(O)c1cc(N=Nc2c(O)ccc3ccccc23)ccc1-c1ccc(N=Nc2c(O)ccc3ccccc23)cc1S(=O)(=O)O,0.4384194016456604
Drug 951,Nc1ccc2cc(S(=O)(=O)O)cc(O)c2c1N=Nc1ccc(-c2ccc(N=Nc3c(N)ccc4cc(S(=O)(=O)O)cc(O)c34)cc2)cc1,0.7589425444602966
Drug 1421,CC/C=C1\OC(=O)c2ccccc21,0.5678178668022156
Drug 3129,Cc1cc2ccccc2c2cc3c(cc12)C=CC(O)C3O,0.795466959476471
Drug 1155,Cc1cc2c(O)cccc2c2cc3c(cc12)C=CC(O)C3O,0.4311652183532715
Drug 462,OC1C=Cc2c(cc3c(ccc4ccccc43)c2Br)C1O,0.7002924084663391
Drug 2198,CCCC(=O)Nc1ncnc2c1ncn2C1OC2COP(=O)(O)OC2C1OC(=O)CCC,0.23828640580177307
Drug 4730,CN(C)CCN(Cc1ccc(Cl)s1)c1ccccn1,0.30698615312576294
Drug 2787,CN(C)CCN(Cc1cccs1)c1ccccn1,0.39484041929244995
Drug 1575,O=C1c2c(O)cccc2Cc2cccc(O)c21,0.6898295283317566
Drug 2956,CCCC(=O)C1c2cccc(O)c2C(=O)c2c(O)cccc21,0.5824728012084961
Drug 1520,CC(=O)C1c2cccc(O)c2C(=O)c2c(O)cccc21,0.6970046162605286
Drug 1809,CCC(=O)C1c2cccc(O)c2C(=O)c2c(O)cccc21,0.6672012209892273
Drug 2321,O=C1c2ccccc2C([N+](=O)[O-])c2ccccc21,0.8641184568405151
Drug 248,COc1cc(O)c2c(c1)Cc1cc(C)cc(O)c1C2=O,0.4348412752151489
Drug 3646,O=C1c2ccccc2Cc2ccccc21,0.5987895727157593
Drug 3320,COCCN(CCOC)c1cc(NC(C)=O)c(-n2nc3c(Br)cc(N)c(Cl)c3n2)cc1OC,0.4731842279434204
Drug 410,CCC(C)(C)c1cc(-n2nc3ccccc3n2)c(O)c(C(C)(C)CC)c1,0.15800108015537262
Drug 3150,CCN(CCC#N)c1cc(NC(C)=O)c(-n2nc3c(Br)cc(N)c(Cl)c3n2)cc1OC,0.6210727095603943
Drug 224,COc1cc2c3c(c1)Oc1c(OC)c(OC)cc4c1[C@H](Cc1ccc(OC)c(c1)Oc1ccc(cc1)C[C@@H]3N(C)CC2)N(C)CC4,0.5586950778961182
Drug 3460,O=C1NS(=O)(=O)c2ccccc21,0.5154238939285278
Drug 2866,CN(C(=O)CN(CCO)CC(=O)N(C)C(C)(C)Cc1ccccc1)C(C)(C)Cc1ccccc1,0.20643220841884613
Drug 3014,c1ccc2c(c1)ccc1cc3ccc4ccccc4c3nc12,0.79383385181427
Drug 2289,Cc1ccc2c(=O)c3cccc4ccc1c2c43,0.8345825672149658
Drug 4476,O=c1c2cccc3ccc4cccc1c4c32,0.8118501305580139
Drug 3078,Cc1cc2c(c3ccc4c(c13)C=CC(O)C4O)CCC2,0.6863200068473816
Drug 4623,OC1C=Cc2c(ccc3c4c(ccc23)CCC4)C1O,0.3941197991371155
Drug 7002,CC12C=CC3=C4CCC(=O)CC4=CCC3C1CCC2O,0.12462373077869415
Drug 387,Cn1c(N)nc2c3cnccc3ccc21,0.8849592208862305
Drug 944,CC12OOC1(COC(=O)Nc1ccc(Cl)cc1)Oc1ccccc12,0.38922086358070374
Drug 2820,O=C1C=C2C(=CCO[C@H]2O)O1,0.18023505806922913
Drug 6463,O=C1C=C2C(=CCOC2O)O1,0.18023505806922913
Drug 5529,CC1CC2(OC2C)C(=O)OC2CCN(C)CC=C(COC(=O)C1(C)O)C2=O,0.34526023268699646
Drug 1383,CNc1cc(Oc2ccc(N)cc2)ncn1,0.683559238910675
Drug 5601,COC(=O)Nc1nc2cc(C(=O)c3ccccc3)ccc2[nH]1,0.3811909258365631
Drug 3508,COC(=O)Nc1nc2cc(C(=O)c3ccc(F)cc3)ccc2[nH]1,0.43554332852363586
Drug 4706,CN(C)CCNC(=O)c1cccn2c(=O)c3ccccc3nc12,0.7089946866035461
Drug 4651,COc1ccc2c(c1)c(CC(=O)O)c(C)n2C(=O)c1ccc(Cl)cc1,0.16923750936985016
Drug 7526,c1ccc2c(c1)ccc1c3ccccc3c(C3CO3)cc21,0.9663510322570801
Drug 595,c1ccc2c(c1)ccc1c3ccccc3c([C@@H]3CO3)cc21,0.9663510322570801
Drug 5735,C/C=C/C1OC(=O)C=CC1O,0.3563952147960663
Drug 1116,CC(=O)ON(OCc1ccc(Oc2ccccc2)cc1)C(=O)c1ccccc1,0.9165104031562805
Drug 6002,CN(C)CCNC(=O)c1ccc2ccc3cccnc3c2n1,0.5274907350540161
Drug 3637,c1cnc2c(c1)ccc1cccnc12,0.6600903868675232
Drug 5150,Fc1cc2cccnc2c2ncccc12,0.8865451216697693
Drug 1656,C1=C[C@H]2O[C@H]2c2ccc3c4c5c(cccc5cc3c21)C=C4,0.8900487422943115
Drug 6735,C1=CC2OC2c2ccc3c4c5c(cccc5cc3c21)C=C4,0.8900487422943115
Drug 1360,c1cnc2c(c1)ccc1c2ccc2cccnc21,0.7910333275794983
Drug 7183,CC1=NCCc2c1[nH]c1cc(O)ccc21,0.25177139043807983
Drug 3997,COc1ccc2c3c([nH]c2c1)C(C)=NCC3,0.3580235540866852
Drug 6025,Cc1c2ccccc2cc2c3c(ccc12)C(=O)C(=O)C=C3,0.8981578350067139
Drug 5987,Cc1c2ccccc2cc2ccc3c(c12)C=CC(=O)C3=O,0.8894031047821045
Drug 5668,Cc1c2ccccc2c(C)c2c3c(ccc12)C(=O)C(=O)C=C3,0.8675458431243896
Drug 5621,O=C1C=Cc2c(ccc3cc4ccccc4cc23)C1=O,0.7585069537162781
Drug 2112,COc1ccc2cc3[n+](cc2c1OC)CCc1cc2c(cc1-3)OCO2,0.8865564465522766
Drug 4032,CN(C)CCN(Cc1ccc(O)cc1)c1ccccn1,0.2561245560646057
Drug 109,CN(C)CCN(Cc1ccccc1)c1ccccn1,0.27281075716018677
Drug 567,CNCCN(Cc1ccc(OC)cc1)c1ccccn1,0.6492615938186646
Drug 3128,COc1ccc(CN(CCN(C)C)c2ccccn2)cc1,0.3306933045387268
Drug 3551,COc1ccc(CN(CC[N+](C)(C)[O-])c2ccccn2)cc1,0.5625702142715454
Drug 488,O=c1n(Cl)c(=O)n(Cl)c(=O)n1Cl,0.49611252546310425
Drug 4552,O=c1n(CCO)c(=O)n(CCO)c(=O)n1CCO,0.2694268822669983
Drug 4781,C=CCn1c(=O)n(CC=C)c(=O)n(CC=C)c1=O,0.2577907145023346
Drug 1681,O=c1[nH]c(=O)[nH]c(=O)[nH]1,0.3097469210624695
Drug 279,O=c1[nH]c(=O)n(Cl)c(=O)n1Cl,0.5087909698486328
Drug 1248,c1ccc(Cc2ccc(OCC3CO3)cc2)cc1,0.8698367476463318
Drug 1618,CC(C)(c1ccc(OCC(O)CO)cc1)c1ccc(OCC2CO2)cc1,0.9000802040100098
Drug 6705,CCN(CC)CCNc1ccc(CO)c2sc3ccccc3c(=O)c12,0.6214320659637451
Drug 238,CC[N+]([O-])(CC)CCNc1ccc(CO)c2sc3ccccc3c(=O)c12,0.5203774571418762
Drug 6357,CCN(CC)CCNc1ccc(C)c2sc3ccccc3c(=O)c12,0.7105796933174133
Drug 7389,CC[N+]([O-])(CC)CCNc1ccc(CO)c2sc3ccccc3c(=O)c12,0.5203774571418762
Drug 5850,CCN(CC)CCNc1ccc(COS(C)(=O)=O)c2sc3ccccc3c(=O)c12,0.9134464263916016
Drug 1054,CN(C)CCNC(=O)c1cccc2c(=O)c3ccccc3sc12,0.5259156823158264
Drug 5327,Cc1ccc(S(=O)(=O)NC(=O)NN2CCCCCC2)cc1,0.17818385362625122
Drug 1312,Cc1ccc2cc3c(ccc4ccccc43)c3c2c1C[C@@H]3O,0.8845964670181274
Drug 6830,CC(=O)OC1Cc2c3ccc4ccccc4c3cc3ccc(C)c1c23,0.8765364289283752
Drug 295,Cc1ccc2cc3c(ccc4ccccc43)c3c2c1CC3,0.8871786594390869
Drug 2125,Cc1ccc2cc3c(ccc4ccccc43)c3c2c1CC3OS(=O)(=O)O,0.8537511825561523
Drug 818,CC(=O)OC1Cc2c(C)ccc3cc4c(ccc5ccccc54)c1c23,0.880160927772522
Drug 7315,Cc1ccc2cc3c(ccc4ccccc43)c3c2c1CC3O,0.8845964670181274
Drug 406,Cc1ccc2cc3c(ccc4ccccc43)c3c2c1C(O)C3,0.8810880780220032
Drug 1245,CC(=O)O[C@@H]1Cc2c3ccc4ccccc4c3cc3ccc(C)c1c23,0.8765364289283752
Drug 2785,O=[N+]([O-])c1ccc2oc3ccc([N+](=O)[O-])cc3c2c1,0.8399798274040222
Drug 164,Clc1cccc2oc3ccccc3c12,0.5964287519454956
Drug 3493,O=[N+]([O-])c1cccc2oc3ccccc3c12,0.847322404384613
Drug 6408,Clc1cccc2c1oc1ccccc12,0.32910141348838806
Drug 394,O=[N+]([O-])c1ccc2c(c1)oc1ccccc12,0.852283239364624
Drug 1804,Clc1ccc2c(c1)oc1ccccc12,0.26544255018234253
Drug 5339,Clc1ccc2oc3ccccc3c2c1,0.26544255018234253
Drug 273,O=[N+]([O-])c1ccc2c(c1)oc1ccc([N+](=O)[O-])cc12,0.8399798274040222
Drug 20,Nc1ccc2c(c1)oc1ccccc12,0.7139322757720947
Drug 729,O=[N+]([O-])c1ccc2oc3ccccc3c2c1,0.8629539608955383
Drug 3803,O=[N+]([O-])c1cccc2c1oc1ccccc12,0.8003639578819275
Drug 926,c1ccc2c(c1)oc1ccccc12,0.36764708161354065
Drug 7128,CC(=O)OC1CC2C3(C)CCCC(C)(C)C3CCC2(C)C2(O)CC(C=O)=C(C=O)C12C,0.20944815874099731
Drug 4862,C1=C[C@H]2O[C@H]2c2c1cc1ccc3cccc4ccc2c1c34,0.8561469912528992
Drug 7331,C1=CC2OC2c2c1cc1ccc3cccc4ccc2c1c34,0.8561469912528992
Drug 1289,Nc1nc(N)c2[nH]cnc2n1,0.7792216539382935
Drug 6349,Nc1nc(NO)c2[nH]cnc2n1,0.8541503548622131
Drug 4420,C1CCC2OCCOCCOC3CCCCC3OCCOCCOC2C1,0.2900242805480957
Drug 4845,CC(=O)C1=C(C(C)(C)C)C(=O)C(C(C)(C)C)=C1,0.24369405210018158
Drug 4578,CC(=O)C1(O)Cc2c(O)c3c(c(O)c2C(OC2CC(N)C(O)C(C)O2)C1)C(=O)c1c(O)cccc1C3=O,0.7523936629295349
Drug 2627,CC[C@]1(O)C[C@H](O[C@@H]2C[C@H](N)[C@@H](O)[C@H](C)O2)c2c(cc3c(c2O)C(=O)c2c(O)ccc(O)c2C3=O)[C@H]1C(=O)OC,0.9310222268104553
Drug 5379,COc1cccc2c1C(=O)c1c(O)c3c(c(O)c1C2=O)CC(O)(C(=O)CO)CC3OC1CC(N)CC(C)O1,0.7722120881080627
Drug 3973,CCC1(O)CC(OC2CC(N(C)C)C(O)C(C)O2)c2c(cc3c(c2O)C(=O)c2c(O)cccc2C3=O)C1C(=O)OC,0.8294380307197571
Drug 2056,CCC1(O)CC(OC2CC(N(C)C)C(O)C(C)O2)c2c(cc3c(c2O)C(=O)c2c(O)ccc(O)c2C3=O)C1C(=O)OC,0.8990890979766846
Drug 73,COc1cccc2c1C(=O)c1c(O)c3c(c(O)c1C2=O)CC(O)(C(=O)CO)CC3OC1CC(N)C(O)C(C)O1,0.8104403614997864
Drug 2121,CC(=O)C1(O)Cc2c(O)c3c(c(O)c2C(OC2CC(N)C(O)C(C)O2)C1)C(=O)c1ccccc1C3=O,0.4684835374355316
Drug 689,COc1cccc2c1C(=O)c1c(O)c3c(c(O)c1C2=O)CC(O)(C(C)=O)CC3OC1CC(N)C(O)C(C)O1,0.7979973554611206
Drug 2385,COc1cccc2c1C(=O)c1c(O)c3c(c(O)c1C2=O)C(OC1CC(N(C)C)C(O)C(C)O1)CC(O)(C(=O)CO)C3,0.8157690763473511
Drug 7530,CCC1(O)CC(OC2CC(N)C(O)C(C)O2)c2c(cc3c(c2O)C(=O)c2c(O)ccc(O)c2C3=O)C1C(=O)OC,0.9310222268104553
Drug 7531,CNC1CC(OC2CC(O)(C(C)=O)Cc3c(O)c4c(c(O)c32)C(=O)c2c(OC)cccc2C4=O)OC(C)C1O,0.7618435025215149
Drug 3893,C[C@@H]1O[C@@H](O[C@H]2C[C@](O)(CO)Cc3c(O)c4c(c(O)c32)C(=O)c2ccccc2C4=O)[C@H](I)[C@H](O)[C@@H]1O,0.48515480756759644
Drug 4537,COc1cccc2c1C(=O)c1c(O)c3c(c(O)c1C2=O)CC(O)(C(=O)CO)CC3OC1CC(N)C(OC)C(C)O1,0.8605471849441528
Drug 5626,C[C@@H]1O[C@@H](O[C@H]2C[C@](O)(C(=O)CO)Cc3c(O)c4c(c(O)c32)C(=O)c2ccccc2C4=O)C[C@H](N)[C@H]1O,0.48820626735687256
Drug 2398,CN[C@H]1C[C@@H](O[C@H]2C[C@@](O)(C(C)=O)Cc3c(O)c4c(c(O)c32)C(=O)c2c(OC)cccc2C4=O)O[C@@H](C)[C@@H]1O,0.7618435025215149
Drug 351,COc1cccc2c1C(=O)c1c(O)c3c(c(O)c1C2=O)C[C@@](O)(C(C)=O)C[C@@H]3O[C@H]1C[C@H](N(C)C)[C@@H](O)[C@H](C)O1,0.8106412291526794
Drug 2880,CC(=O)OC[C@H]1O[C@@H](Oc2cccc3c2C(=O)c2c(O)cccc2C3=O)[C@H](OC(C)=O)[C@@H](OC(C)=O)[C@@H]1OC(C)=O,0.8657021522521973
Drug 3809,O=C1c2cccc(O)c2C(=O)c2c(O[C@@H]3O[C@H](CO)[C@@H](O)[C@H](O)[C@H]3O)cccc21,0.8854353427886963
Drug 7341,O=C1c2ccccc2C(=O)c2c(OC3OC(CO)C(O)C(O)C3O)ccc(O)c21,0.7234307527542114
Drug 2189,O=C1c2ccccc2C(=O)c2c(O[C@@H]3O[C@H](CO)[C@@H](O)[C@H](O)[C@H]3O)ccc(O)c21,0.7234307527542114
Drug 7446,CC(=O)OCC1OC(Oc2cccc3c2C(=O)c2c(O)cccc2C3=O)C(OC(C)=O)C(OC(C)=O)C1OC(C)=O,0.8657021522521973
Drug 7386,O=C1c2cccc(O)c2C(=O)c2c(OC3OC(CO)C(O)C(O)C3O)cccc21,0.8854353427886963
Drug 264,CCCCCCCCn1sccc1=O,0.34072357416152954
Drug 2402,Cn1sc(Cl)cc1=O,0.2307363897562027
Drug 1208,COc1ccc([N+](=O)[O-])ccc1=O,0.6860364079475403
Drug 2257,CCCCOc1ccc2nc3cc(Cl)ccc3c(NCCCN(CC)CCCl)c2n1,0.8389641642570496
Drug 1418,COc1ccc2nc3cc(Cl)ccc3c(NCCCNCCCl)c2n1,0.710626482963562
Drug 1843,CCCCOc1ccc2nc3cc(Cl)ccc3c(NCCCNCCCl)c2n1,0.5804476737976074
Drug 5356,CCN(CCCl)CCCNc1c2ccc(Cl)cc2nc2ccc(OC)nc12,0.851605236530304
Drug 5960,[O-][n+]1c2ccccc2nc2ccccc21,0.4421228766441345
Drug 1516,CC[n+]1c2ccccc2nc2ccccc21,0.4239523708820343
Drug 526,C[n+]1c2ccccc2nc2ccccc21,0.46136173605918884
Drug 6602,CC(=O)OC1CC(C)OC(C)O1,0.1855275183916092
Drug 4882,C1COCOC1,0.36656203866004944
Drug 3271,CC(=O)O[C@H]1C[C@H](C)O[C@@H](C)O1,0.1855275183916092
Drug 4073,O=C1C=CC(=O)C1(Cl)Cl,0.5007343888282776
Drug 6220,O=C1C(Cl)=C(Cl)C(=O)C1(Cl)Cl,0.5990641713142395
Drug 4029,O=C1C=C(Cl)C(=O)C1(Cl)Cl,0.308356374502182
Drug 3168,CCCCC(=O)n1ncc(Cl)c(Cl)c1=O,0.05479289963841438
Drug 5681,CS(=O)(=O)n1ncc(Cl)c(Cl)c1=O,0.18033277988433838
Drug 5643,CCC(=O)n1ncc(Cl)c(Cl)c1=O,0.10611100494861603
Drug 3776,CC(=O)n1ncc(Cl)c(Cl)c1=O,0.12243828177452087
Drug 2483,NS(=O)(=O)c1cc2c(cc1Cl)NC=NS2(=O)=O,0.2958093285560608
Drug 7152,CNC1=C2CC(=O)C(OC)=CC=C2c2c(cc(OC)c(OC)c2OC)CC1,0.7996608018875122
Drug 6211,CC(C)C1=CC2=CCC3C(C)(C(=O)O)CCCC3(C)C2CC1,0.13598328828811646
Drug 1959,C1N2CN3CN1CN(C2)C3,0.4394614100456238
Drug 4659,O=[N+]([O-])c1cc2c3c(ccc4cc([N+](=O)[O-])cc(c43)CC2)c1,0.9148513674736023
Drug 1164,O=[N+]([O-])c1cc2c3c(ccc4cccc(c43)CC2)c1,0.922176718711853
Drug 1013,OC1c2cccc3ccc4cccc(c4c23)C1O,0.841308057308197
Drug 2558,O=[N+]([O-])c1ccc2c3c1ccc1cccc(c13)C(O)C2O,0.9377719163894653
Drug 5900,O=c1c2cccc3ccc4c5ccccc5cc1c4c32,0.8639796376228333
Drug 1094,O=C(O)c1ccccc1-c1c2cc(Br)c(=O)c(Br)c-2oc2c(Br)c(O)c(Br)cc12,0.4490244388580322
Drug 3010,Nc1ccc(N(c2ccc3ccccc3c2)c2ccc3ccccc3c2)cc1,0.9427520632743835
Drug 5037,Cc1cc(-c2ccc(N=Nc3c(N)c(C)cc(S(=O)(=O)O)c3N)c(C)c2)ccc1N=Nc1ccc(O)c(C(=O)O)c1,0.46038752794265747
Drug 4116,CO/N=C(\C(=O)NC1C(=O)N2C(C(=O)O)=C(C[n+]3ccn4ncccc43)CSC12)c1nsc(N)n1,0.6998279094696045
Drug 6240,CC(=O)OCC1=CO[C@@H](OC(=O)CC(C)C)[C@H]2C1=C[C@H](OC(=O)CC(C)C)[C@]21CO1,0.6755515933036804
Drug 6718,CC(=O)OCC1=COC(OC(=O)CC(C)C)C2C1=CC(OC(=O)CC(C)C)C21CO1,0.6755515933036804
Drug 6628,CC(=O)Nc1ccc(C(=O)C2OC2c2ccccc2)cc1,0.45480021834373474
Drug 4642,CC(=O)Nc1ccc([C@H]2O[C@H]2C(=O)c2ccccc2)cc1,0.42131561040878296
Drug 899,O=C(c1ccc([N+](=O)[O-])cc1)[C@H]1O[C@@H]1c1ccccc1,0.7694126963615417
Drug 6405,O=C(c1ccccc1)[C@H]1O[C@@H]1c1ccccc1,0.3195275068283081
Drug 6930,O=C(c1ccc([N+](=O)[O-])cc1)C1OC1c1ccccc1,0.7694126963615417
Drug 2695,O=C(c1ccccc1)[C@@H]1O[C@H]1c1ccc([N+](=O)[O-])cc1,0.7443909049034119
Drug 871,O=C(c1ccc(F)cc1)[C@H]1O[C@@H]1c1ccccc1,0.3498125374317169
Drug 6902,CC(=O)Nc1ccc(C2OC2C(=O)c2ccccc2)cc1,0.42131561040878296
Drug 3146,CC(=O)Nc1ccc(C(=O)[C@@H]2O[C@H]2c2ccccc2)cc1,0.45480021834373474
Drug 6314,O=C(c1ccccc1)C1OC1c1ccc(Br)cc1,0.21603812277317047
Drug 6648,COc1ccc(C2OC2C(=O)c2ccccc2)cc1,0.3593195676803589
Drug 6007,COc1ccc(C(=O)C2OC2c2ccccc2)cc1,0.39120790362358093
Drug 7019,O=C(c1ccccc1)C1OC1c1ccc([N+](=O)[O-])cc1,0.7443909049034119
Drug 6878,O=C(c1ccc(F)cc1)C1OC1c1ccccc1,0.3498125374317169
Drug 5367,O=C(c1ccc(Br)cc1)C1OC1c1ccccc1,0.2399735003709793
Drug 761,COc1ccc([C@H]2O[C@@H]2C(=O)c2ccccc2)cc1,0.3593195676803589
Drug 6955,O=C(c1ccccc1)C1OC1c1ccccc1,0.3195275068283081
Drug 2239,O=C(c1ccccc1)C1OC1c1ccc(F)cc1,0.3195275068283081
Drug 6640,c1ccc2c(c1)-c1c(c3ccccc3c3ccccc13)C1NC21,0.8865150809288025
Drug 4366,c1ccc2c(c1)-c1c(c3ccccc3c3ccccc13)[C@H]1N[C@@H]21,0.8865150809288025
Drug 3533,c1ccc(P(c2ccccc2)c2ccccc2)cc1,0.24604150652885437
Drug 5676,CC1C(C)(C)C2=C(C(=O)CCC2)C1(C)C,0.2887776792049408
Drug 558,CN1C[C@H](C(=O)N[C@@]2(C)O[C@]3(O)[C@H]4CCCN4C(=O)[C@@H](Cc4ccccc4)N3C2=O)C=C2c3cccc4[nH]cc(c34)C[C@@H]21,0.3108794093132019
Drug 6496,CC1C(=O)OC2CCN3CC=C(COC(=O)C(C)(O)C1(C)O)C23,0.19242803752422333
Drug 547,C[C@H]1C(=O)O[C@H]2CCN3CC=C(COC(=O)[C@](C)(O)[C@]1(C)O)[C@H]23,0.19242803752422333
Drug 4158,c1ccc2c(c1)ccc1nc3ccc4c(c3cc12)CCCC4,0.7290236353874207
Drug 287,CC(C)C(C(=O)OC(C#N)c1cccc(Oc2ccccc2)c1)c1ccc(Cl)cc1,0.6449880599975586
Drug 3638,C1=Cc2c3cc4ccccc4cc3cc3cccc1c23,0.8537721037864685
Drug 6362,Oc1ccc(O)nn1,0.2594210207462311
Drug 348,C[C@@H](O)CN(C)c1ccc(NN)nn1,0.44274789094924927
Drug 6900,CC(O)CN(C)c1ccc(NN)nn1,0.44274789094924927
Drug 7547,N=c1ccn(C2CCC(CO)O2)c(=O)[nH]1,0.25136229395866394
Drug 6778,O=C1CCC2c3c(ccc(O)c31)-c1ccc(O)c3c1C2(O)C(O)CC3=O,0.23570460081100464
Drug 6279,O=C1CC[C@@H]2c3c(ccc(O)c31)-c1ccc(O)c3c1[C@@]2(O)[C@H](O)CC3=O,0.23570460081100464
Drug 7472,c1ccc2c(C3CO3)c3ccc4ccccc4c3cc2c1,0.9548711776733398
Drug 1373,c1ccc2c([C@@H]3CO3)c3ccc4ccccc4c3cc2c1,0.9548711776733398
Drug 234,OC1c2ccc3cc4ccc5ccccc5c4nc3c2C2OC2C1O,0.7536457777023315
Drug 1364,CC(=O)Oc1cc(C=O)cc2c1C(COC(N)=O)C1(OC(C)=O)ON2CC2C1N2C(C)=O,0.3855052590370178
Drug 2160,Cc1ccc2nc3c4c(ccc3c(CO)c2c1)C(O)C(O)C=C4,0.6198638081550598
Drug 4194,Cc1ccc2c(C)c3ccc4c(c3nc2c1)C=CC(O)C4O,0.7248948216438293
Drug 5691,Cc1c2cc(CO)ccc2nc2c3c(ccc12)C(O)C(O)C=C3,0.6066083908081055
Drug 1918,Cc1ccc2nc3c4c(ccc3c(C)c2c1)C(O)C(O)C=C4,0.677792489528656
Drug 2367,O=C1CCCN1c1ncc([N+](=O)[O-])s1,0.8731552958488464
Drug 3248,Nc1ccc2c(c1)CN1C(=O)c3ccccc3C1=N2,0.7886013984680176
Drug 475,CC(=O)c1ccc2c(c1)CN1C(=O)c3ccccc3C1=N2,0.6559078693389893
Drug 66,c1cc2c3c(c1)ccc1cccc(c13)C2,0.8219988942146301
Drug 2829,Cc1ccc2c3c1ccc1cccc(c13)C2,0.8630713224411011
Drug 3666,O=C1C=C(c2nnc(NC(=O)c3ccccc3)s2)C(O)=C/C1=N\c1ccc([N+](=O)[O-])cc1,0.835769534111023
Drug 2061,COP1(=S)OCc2ccccc2O1,0.484504759311676
Drug 4968,Cn1c([N+](=O)[O-])cnc1[C@H]1NC(CO)(CO)CO1,0.8060125708580017
Drug 6633,Cn1c([N+](=O)[O-])cnc1C1NC(CO)(CO)CO1,0.8060125708580017
Drug 1,O=[N+]([O-])c1c2c(c3ccc4cccc5ccc1c3c45)CCCC2,0.93159419298172
Drug 3011,O=S(=O)(O)C1C(O)c2c(cc3ccc4cccc5ccc2c3c45)C(O)C1O,0.5513191223144531
Drug 5062,O=[N+]([O-])c1ccc2ccc3c4c(cc5ccc1c2c53)CCCC4,0.9272916913032532
Drug 2571,O=Nc1ccc2ccc3c4c(cc5ccc1c2c53)CCCC4,0.84758061170578
Drug 3566,O=[N+]([O-])c1ccc2ccc3cc4c(c5ccc1c2c35)CCCC4O,0.955093502998352
Drug 3606,O=[N+]([O-])c1ccc2ccc3cc4c(c5ccc1c2c35)CCCC4,0.9272916913032532
Drug 1500,O=[N+]([O-])c1c2c(c3ccc4cccc5ccc1c3c45)CCCC2O,0.8998011946678162
Drug 4140,C1CCC2CC3(CCC2C1)CO3,0.32252466678619385
Drug 4240,COCC1C=C2c3cccc4c3c(cn4C)CC2N(C)C1,0.7074235081672668
Drug 740,OC1C=Cc2c(ccc3cc4c(cc23)C(O)C(O)c2ccccc2-4)C1O,0.42831212282180786
Drug 2484,c1ccc2c(c1)-c1c(c3ccccc3c3ccccc13)[C@H]1O[C@@H]21,0.8898909687995911
Drug 6691,c1ccc2c(c1)-c1c(c3ccccc3c3ccccc13)C1OC21,0.8898909687995911
Drug 7150,Clc1ccc2c(c1)C(c1ccccc1)=NC=C1NN=CN12,0.1340300589799881
Drug 7159,CC(=O)C1CCC2C3CC=C4CC(=O)CCC4(C)C3CCC12C,0.15464180707931519
Drug 7163,C#CC1(O)CCC2C3CC=C4CC(=O)CCC4C3CCC21C,0.1298431158065796
Drug 7164,CC(=O)OC1(C(C)=O)CCC2C3CC(C)=C4CC(=O)CCC4(C)C3CCC21C,0.3553951680660248
Drug 6411,COC1COC(COCC2COC(OC)C(OS(=O)(=O)O)C2OS(=O)(=O)O)C(OS(=O)(=O)O)C1OS(=O)(=O)O,0.8691316843032837
Drug 5949,C1CC2OC2CCC2OC12,0.2850760221481323
Drug 5436,C1COCCOCCOCCOCCOCCOCCO1,0.36656203866004944
Drug 1833,O=C1CSC(=S)N1,0.29582303762435913
Drug 5274,CC(=O)OC1CC2C3(C)CCCC(C)(C)C3CCC2(C)C2CC=C(C=O)C(C=O)C12C,0.22163578867912292
Drug 445,COc1cc2c3c(cc4ccccc4c3c1OC)N(C=O)CC2,0.8740825057029724
Drug 2710,COc1ccc2cc3c4c(cc(OC)c(OC)c4c2c1)CCN3C,0.8488717079162598
Drug 5168,O=[N+]([O-])c1ccc2c(c1)-c1nc3ccccc3c3c1c-2nc1ccccc13,0.957192063331604
Drug 3882,c1ccc2c(c1)-c1nc3ccccc3c3c1c-2nc1ccccc13,0.8555290102958679
Drug 4068,CC(=O)OC1COC(Nc2ccc([N+](=O)[O-])cc2)C(OC(C)=O)C1OC(C)=O,0.9486883878707886
Drug 6119,CC(=O)OC1COC(Nc2ccc(C(=O)O)cc2)C(OC(C)=O)C1OC(C)=O,0.7218567728996277
Drug 5162,O=C(O)c1ccc(NC2OCC(O)C(O)C2O)cc1,0.5109196901321411
Drug 843,O=NN(c1ccc([N+](=O)[O-])cc1)[C@@H]1OC[C@H](O)[C@@H](O)[C@H]1O,0.9384039640426636
Drug 4204,O=NN(c1ccc(C(=O)O)cc1)C1OCC(O)C(O)C1O,0.761296272277832
Drug 6711,O=NN(c1ccc([N+](=O)[O-])cc1)C1OCC(O)C(O)C1O,0.9384039640426636
Drug 5518,Cc1ccc(N(N=O)C2OCC(O)C(O)C2O)cc1,0.8976051807403564
Drug 2010,O=[N+]([O-])c1ccc(NC2OCC(O)C(O)C2O)cc1,0.9271230101585388
Drug 3963,Cc1ccc(NC2OC[C@@H](O)[C@H](O)[C@H]2O)cc1,0.6094168424606323
Drug 3817,c1ccc(COCc2ccccc2)cc1,0.2762422561645508
Drug 1547,Cc1nc2c(c3[nH]c4ccccc4c13)C(=O)C=CC2=O,0.8990973830223083
Drug 2564,COC1=CC(=O)c2c(nc(C)c3c2[nH]c2ccccc23)C1=O,0.8576599955558777
Drug 7054,ClNc1nc(NCl)nc(NCl)n1,0.4019423723220825
Drug 5413,CN(C)c1nc(N(C)C)nc(N(C)C)n1,0.5180612206459045
Drug 10,Nc1nc(N)nc(N)n1,0.7331570982933044
Drug 236,CC(C)Nc1nc(Cl)nc(NC(C)C)n1,0.3657792806625366
Drug 2415,CC(C)Nc1nc(N)nc(Cl)n1,0.5480302572250366
Drug 4528,Oc1nc(Cl)nc(Cl)n1,0.2538301944732666
Drug 3285,Nc1nc(N)nc(Cl)n1,0.5793408751487732
Drug 1337,CCNc1nc(O)nc(NC(C)C)n1,0.33628469705581665
Drug 5724,CCNc1nc(Cl)nc(NCC)n1,0.41735199093818665
Drug 29,Cc1nc(N)nc(N)n1,0.7331570982933044
Drug 30,CCNc1nc(N)nc(Cl)n1,0.5894050002098083
Drug 735,CCNc1nc(Cl)nc(NC(C)C)n1,0.38051867485046387
Drug 3313,O=C1CCC2(O)c3c(ccc(O)c31)-c1ccc(O)c3c1C2C1OC1C3=O,0.4964231550693512
Drug 721,C[C@H]1Cc2c(Cl)cc(C(=O)N[C@H](Cc3ccccc3)C(=O)O)c(O)c2C(=O)O1,0.2722233235836029
Drug 4033,CC1Cc2ccc(C(=O)NC(Cc3ccccc3)C(=O)O)c(O)c2C(=O)O1,0.28863325715065
Drug 6494,CC1Cc2c(Cl)cc(C(=O)NC(Cc3ccccc3)C(=O)O)c(O)c2C(=O)O1,0.2722233235836029
Drug 3119,C1CC2(CCO1)CO2,0.3531712293624878
Drug 3721,c1ccc(N2CCNCC2)cc1,0.2762422561645508
Drug 1766,C=CC(=O)N1CCN(c2ccccc2)CC1,0.21429532766342163
Drug 472,COc1ccc(C(=C(C#N)CCC(=O)O)c2ccc(OC)cc2)cc1,0.24383628368377686
Drug 3681,ClC(Cl)=C(c1ccc(Cl)cc1)c1ccc(Cl)cc1,0.22695587575435638
Drug 7008,CCCCC(CC)COC(=O)C(C#N)=C(c1ccccc1)c1ccccc1,0.056486744433641434
Drug 6198,CCCC[C@@H](CC)COC(=O)C(C#N)=C(c1ccccc1)c1ccccc1,0.056486744433641434
Drug 7047,N=C1NC(=O)N(C2CC(O)C(CO)O2)CC1=O,0.30865341424942017
Drug 7091,N=C1NC(=O)N(C2OC(CO)C(O)C2O)CC1=O,0.3531712293624878
Drug 5456,COc1cc(C2OCC3C(c4cc(OC)c(OC)c(OC)c4)OCC23)cc(OC)c1OC,0.8867056369781494
Drug 6560,CC(Cc1ccccc1)NOS(=O)(=O)ONC(C)Cc1ccccc1,0.24301934242248535
Drug 4201,CC(C)c1c(C(=O)Nc2ccccc2)c(-c2ccccc2)c(-c2ccc(F)cc2)n1CCC(O)CC(O)CC(=O)O,0.3459869921207428
Drug 5912,CC1=NC(N)=C[C@@H]2c3ccccc3N[C@H]12,0.7055854201316833
Drug 7492,CC1=NC(N)=CC2c3ccccc3NC12,0.7055854201316833
Drug 489,CC1CC2c3cc(Br)cc4c3c(cn4CC3CC3)CC2N(C)C1,0.38913866877555847
Drug 6108,Cn1c(N)nc2nc3cccnc3cc21,0.8659489154815674
Drug 6742,c1ccc(-c2ccc(CCC3CO3)cc2)cc1,0.8487844467163086
Drug 38,c1ccc(-c2ccc(CC[C@H]3CO3)cc2)cc1,0.8487844467163086
Drug 4418,OC1C=Cc2ccc3ncccc3c2C1O,0.7793539762496948
Drug 7409,OCC1COC(CCI)O1,0.8727340698242188
Drug 6623,CC(I)C1OCC(CO)O1,0.8471953272819519
Drug 2714,C1COCO1,0.36656203866004944
Drug 5244,C[C@H](I)[C@@H]1OC[C@@H](CO)O1,0.8471953272819519
Drug 1439,OC[C@@H]1CO[C@@H](CCI)O1,0.8727340698242188
Drug 4123,CCOc1ccccc1OCC1CNCCO1,0.4204774796962738
Drug 3464,C=C1C[C@@]23CCC4[C@@](C)(CCC[C@@]4(C)C(=O)O)C2CCC1(OC(C)=O)C3,0.17916326224803925
Drug 4529,C=C1C2CCC3C4(C)CCCC(C)(C(=O)O)C4CCC3(C2)C1O,0.1453210711479187
Drug 5876,C=C1C(O)C23CCC4C(C)(C(=O)O)CCCC4(C)C2CCC1(O)C3,0.12730465829372406
Drug 4960,C=C1CC23CCC4C(C)(C(=O)O)CCCC4(C)C2CCC1C3,0.13803218305110931
Drug 4943,Nc1c(N=Nc2ccc([N+](=O)[O-])cc2)c(S(=O)(=O)O)cc2cc(S(=O)(=O)O)c(N=Nc3ccccc3)c(O)c12,0.5584827065467834
Drug 2578,Cn1c2ccc3cc2c(=S)c2cc(ccc21)OCCOCCOCCOCCOCCOCCO3,0.5413074493408203
Drug 2593,O=[N+]([O-])c1ccc2c(c1)CC=C2,0.8836093544960022
Drug 3852,CC(C)NCC(O)COc1cccc2c1C=CC2,0.22826765477657318
Drug 3210,CCC1C(c2ccc(O)cc2)=C(C)c2cc(O)ccc21,0.551212728023529
Drug 263,CCC1=C(c2ccc(O)cc2)C(C)c2cc(O)ccc21,0.33679088950157166
Drug 4947,S=C(NC1CCCCC1)NC1CCCCC1,0.29006892442703247
Drug 7289,COc1ccc2c3c([nH]c2c1)C1CC2C(CN1CC3)C(OC(=O)/C=C/c1cc(OC)c(OC)c(OC)c1)CC(OC)C2OC(C)=O,0.2695886194705963
Drug 5899,O=c1n(C[C@H]2CO2)c(=O)n(C[C@H]2CO2)c(=O)n1C[C@H]1CO1,0.738318681716919
Drug 6834,O=c1n(CC2CO2)c(=O)n(CC2CO2)c(=O)n1CC1CO1,0.738318681716919
Drug 5390,Clc1nncc2cccnc12,0.35432571172714233
Drug 3894,COc1nncc2cccnc12,0.530276358127594
Drug 4406,NNc1nncc2ncccc12,0.642895519733429
Drug 726,c1cnc2cnncc2c1,0.4410460591316223
Drug 5882,NNc1nncc2cccnc12,0.7655749320983887
Drug 3579,Clc1nncc2ncccc12,0.3708963692188263
Drug 2654,COc1nncc2ncccc12,0.4395487308502197
Drug 5298,Cc1cc(=O)oc2c3c(ccc12)C1(C)OOC1(C)O3,0.5338904857635498
Drug 698,COC(=O)C1O/C(=N\O)C(Cl)=C1Cl,0.8253979086875916
Drug 6074,c1ccc(Nc2ccc3ccccc3c2)cc1,0.6381319165229797
Drug 463,Oc1ccc(Nc2ccc3ccccc3c2)cc1,0.6060184240341187
Drug 188,CC1(C(=O)O)CCCC2(C)C3CCC4(O)CC3(CCC12)CC41CO1,0.24804241955280304
Drug 369,OC1c2ccc3ccccc3c2C2OC2C1O,0.8348546624183655
Drug 3007,Cc1ccc(C)c2c3c(ccc12)C(O)C(O)C1OC31,0.7152813076972961
Drug 3736,Br[C@H]1CC[C@@H](Br)[C@H](Br)CC[C@H](Br)[C@H](Br)CC[C@H]1Br,0.4904330372810364
Drug 3955,O=[N+]([O-])c1ccc(N/N=C(/N=Nc2ccc(I)cc2)c2ccccc2)cc1,0.8746976256370544
Drug 618,Nc1nc(N)c2nc(-c3ccccc3)c(N)nc2n1,0.7766931056976318
Drug 6339,O[C@H]1c2cccc3c2[C@@]2(O[C@@H]2[C@@H]1O)c1ccc2ccccc2c1-3,0.8114903569221497
Drug 6668,OC1c2cccc3c2C2(OC2C1O)c1ccc2ccccc2c1-3,0.8114903569221497
Drug 2361,COc1cc2c3c(c1O)-c1cc4c(cc1CC3N(C)CC2)OCO4,0.6170291304588318
Drug 6794,COc1cc2c3c(c1OC)-c1cc4c(cc1CC3N(C)CC2)OCO4,0.7261008024215698
Drug 6712,CC(C)(C)OC(=O)NN=Cc1c[n+]([O-])c2ccccc2[n+]1[O-],0.5817296504974365
Drug 6907,CC(=O)NN=Cc1c[n+]([O-])c2ccccc2[n+]1[O-],0.7096777558326721
Drug 3092,O=C(O)c1c[n+]([O-])c2ccccc2[n+]1[O-],0.23796473443508148
Drug 6916,COC(=O)NN=Cc1c[n+]([O-])c2ccccc2[n+]1[O-],0.698637068271637
Drug 2751,Cc1c(C(=O)NCCO)[n+]([O-])c2ccccc2[n+]1[O-],0.32986733317375183
Drug 4808,O=C1c2ccccc2-c2ccc(Oc3ccc(S(=O)(=O)O)cc3)c3cccc1c23,0.7828262448310852
Drug 3061,C=CC1(C)CCC2(C)C(C1)C(=O)CC1C3(C)CCCC12OC3=O,0.3434644341468811
Drug 4821,O=NN1CCC(=O)CC1,0.85096275806427
Drug 1544,OC1c2ccccc2-c2cc3ccc4ccccc4c3cc2C1O,0.6805530190467834
Drug 4238,CCN(CC)CCNc1ccc(COC(=O)c2ccco2)c2sc3ccccc3c(=O)c12,0.6688692569732666
Drug 7161,CC=CC(=O)OC1CC2OC3=CC(C)C(=O)CC3(C)C1(C)C21CO1,0.29209741950035095
Drug 2544,O=[N+]([O-])c1ccc2c(c1)nc(/C=N/OCc1ccccc1[N+](=O)[O-])n2Cc1ccc(Cl)cc1Cl,0.7635883092880249
Drug 4783,O=[N+]([O-])c1cccc(CO/N=C/c2nc3cc([N+](=O)[O-])ccc3n2Cc2ccc(F)cc2)c1,0.8981923460960388
Drug 3539,O=[N+]([O-])c1cccc(CO/N=C/c2nc3cc([N+](=O)[O-])ccc3n2Cc2ccc(Cl)cc2)c1,0.8408005237579346
Drug 1415,O=[N+]([O-])c1ccc2c(c1)nc(/C=N/OCc1ccccc1[N+](=O)[O-])n2Cc1ccccc1,0.8742749691009521
Drug 7501,CC12CCC3C(CCC4=CC(=O)CCC43C)C1CCC2=O,0.22514458000659943
Drug 1556,CC12CCC3C(CCC4CC(O)CCC43C)C1CCC(=O)N2,0.1692465990781784
Drug 5351,O=C(/N=c1\sn(C(=O)c2cccc(Cl)c2)c2ccc([N+](=O)[O-])cc12)c1cccc(Cl)c1,0.8705551624298096
Drug 2098,O=C(/N=c1\sn(C(=O)c2ccc(Cl)cc2)c2ccc([N+](=O)[O-])cc12)c1ccc(Cl)cc1,0.9320123791694641
Drug 6195,O=C(/N=c1\sn(C(=O)c2ccccc2[N+](=O)[O-])c2ccc([N+](=O)[O-])cc12)c1ccccc1[N+](=O)[O-],0.954054594039917
Drug 2773,O=C(/N=c1\sn(C(=O)c2ccc(Cl)c(Cl)c2)c2ccc([N+](=O)[O-])cc12)c1ccc(Cl)c(Cl)c1,0.9377224445343018
Drug 2167,O=C(/N=c1\sn(C(=O)c2ccc([N+](=O)[O-])cc2)c2ccc([N+](=O)[O-])cc12)c1ccc([N+](=O)[O-])cc1,0.9459874629974365
Drug 632,O=C(/N=c1\sn(C(=O)c2cccc([N+](=O)[O-])c2)c2ccc([N+](=O)[O-])cc12)c1cccc([N+](=O)[O-])c1,0.9536986351013184
Drug 2364,O=C(/N=c1\sn(C(=O)c2ccccc2Cl)c2ccc([N+](=O)[O-])cc12)c1ccccc1Cl,0.918359637260437
Drug 2046,O=C(/N=c1\sn(C(=O)c2ccccc2)c2ccc([N+](=O)[O-])cc12)c1ccccc1,0.9493235945701599
Drug 3381,Cc1cccc(C)c1NC(=O)CN1CCCC1=O,0.36775216460227966
Drug 5479,CN1CCN(c2c(F)cc3c(=O)c(C(=O)O)cn4c3c2OCN4C)CC1,0.42233437299728394
Drug 2684,O=C1C=CC(=O)C(c2ccccc2)=C1,0.37402021884918213
Drug 3802,CC1(C)SSCC(C(=O)O)NC1=O,0.08733919262886047
Drug 5616,c1ccc([C@H]2N[C@@H]2c2ccccc2)cc1,0.2762422561645508
Drug 6943,c1ccc(C2NC2c2ccccc2)cc1,0.2762422561645508
Drug 2432,Fc1cccc2ccc3ncccc3c12,0.8535786867141724
Drug 1218,Nc1cnc2ccc3ccccc3c2c1,0.9027749300003052
Drug 4771,CN(C)CCNC(=O)c1cc2ccccc2c2cccnc12,0.8462578654289246
Drug 1096,Fc1cccc2c1ccc1ncccc12,0.5194159150123596
Drug 5355,c1ccc2c(c1)ccc1ncccc12,0.8544806838035583
Drug 2451,Fc1cnc2ccc3ccccc3c2c1,0.8020136952400208
Drug 2711,Fc1ccc(F)c2c1ccc1ncccc12,0.5275295376777649
Drug 6782,O=C(O)c1cn(C2CC2)c2cc(N3CCNCC3)c(F)cc2c1=O,0.39596816897392273
Drug 1986,CCN1CCN(c2cc3c(cc2F)c(=O)c(C(=O)O)cn3C2CC2)CC1,0.34355124831199646
Drug 4964,Cc1c(F)c(N2CCNC(C)C2)cc2c1c(=O)c(C(=O)O)cn2C1CC1,0.5227165222167969
Drug 4580,C=C1CC23CCC4C(C)(C(=O)OC5OC(CO)C(O)C(O)C5O)CCCC4(C)C2CCC1(OC1OC(CO)C(O)C(O)C1OC1OC(C)C(O)C(O)C1O)C3,0.2832764983177185
Drug 1089,N=C(N)c1ccc(-c2cc3ccc(C(=N)N)cc3s2)cc1,0.6727550029754639
Drug 5577,CCCCOC(=O)c1ccccc1C(=O)OCc1ccccc1,0.07368984073400497
Drug 3914,O=C(OCc1ccccc1)c1ccccc1O,0.22159592807292938
Drug 271,O=C(OCc1cccc([N+](=O)[O-])c1)c1ccccc1,0.3872467875480652
Drug 2011,O=C(OCc1ccccc1[N+](=O)[O-])c1ccccc1,0.46991923451423645
Drug 4732,O=C(OCc1ccc([N+](=O)[O-])cc1)c1ccccc1,0.6461405754089355
Drug 1580,O=S1(=O)OC2(c3ccccc31)c1cc(Br)c(O)c(Br)c1Oc1c2cc(Br)c(O)c1Br,0.37210357189178467
Drug 2776,c1cc2c3c(c1)C1OC1c1cccc(c1-3)C1OC21,0.6097707748413086
Drug 6733,CC1(C)CC2C(O)(C=C(C=O)C34CC23C(=O)OC4O)C1,0.6850979328155518
Drug 4124,CCC/C=C/C(=O)OC1C(C)(C)CC2C1(O)C=C(C=O)C13CC21C(=O)OC3O,0.5991739630699158
Drug 1991,CC1(C)CC2C=C(C=O)C34CC3(C(=O)OC4O)C2C1,0.6805276870727539
Drug 7279,COc1cc(C2Oc3cc(C4Oc5cc(O)cc(O)c5C(=O)C4O)ccc3OC2CO)ccc1O,0.5249101519584656
Drug 1256,C1CCC2OCCOCCOCCOC3CCCCC3OCCOCCOCCOC2C1,0.2900242805480957
Drug 4097,COc1ccc2cc(C(C)C(=O)O)ccc2c1,0.3289289176464081
Drug 1035,Cc1ccc2ccc([N+](=O)[O-])cc2c1,0.8783723711967468
Drug 1548,Cc1ccc2c([N+](=O)[O-])cccc2c1,0.9351162314414978
Drug 5132,Cc1cccc2ccc([N+](=O)[O-])cc12,0.9297483563423157
Drug 3615,O=S(=O)(O)c1cc(S(=O)(=O)O)c2cc(O)ccc2c1,0.329170286655426
Drug 5153,Nc1ccc2ccccc2c1S(=O)(=O)O,0.7686402201652527
Drug 2551,O=[N+]([O-])c1cc([N+](=O)[O-])c2ccc(S(=O)(=O)O)cc2c1O,0.3635329008102417
Drug 1576,Nc1cccc2cccc(N)c12,0.8674466609954834
Drug 2606,C=C[C@@H](OC(C)=O)c1ccc(OC)c2ccccc12,0.4256243407726288
Drug 1077,Clc1c(Cl)c(Cl)c2ccccc2c1Cl,0.2979818880558014
Drug 2617,ONc1cccc2ccccc12,0.9079727530479431
Drug 7471,C=CC(OC(C)=O)c1ccc(OC)c2ccccc12,0.4256243407726288
Drug 578,Cc1cccc2ccccc12,0.8222568035125732
Drug 4171,CN(N=O)C(=O)Oc1cccc2ccccc12,0.8870852589607239
Drug 5717,NC(=O)Cc1cccc2ccccc12,0.698367178440094
Drug 1110,Cc1ccc2c(C)cccc2c1,0.7633882761001587
Drug 2646,CNC(=O)Oc1cccc2ccccc12,0.8095612525939941
Drug 1625,Cc1ccc2cc([N+](=O)[O-])ccc2c1,0.8783723711967468
Drug 3685,O=CN(O)c1ccc2ccccc2c1,0.7187529802322388
Drug 2171,CC(C)(C)c1c(N)ccc2ccccc12,0.551796555519104
Drug 1661,O=C=Nc1cccc2c(N=C=O)cccc12,0.7295961380004883
Drug 6859,O=[N+]([O-])c1ccc2cc([N+](=O)[O-])c([N+](=O)[O-])cc2c1,0.8893148303031921
Drug 1670,O=S(=O)(O)c1cccc2cc(O)ccc12,0.42795971035957336
Drug 4231,Cc1ccc2ccccc2c1[N+](=O)[O-],0.8906940221786499
Drug 1174,Nc1ccc2ccccc2c1,0.8980857729911804
Drug 1175,ONc1ccc2ccccc2c1,0.8478219509124756
Drug 6889,O=Nc1ccc2ccccc2c1,0.9171276688575745
Drug 1182,Oc1ccc2ccccc2c1,0.5087913870811462
Drug 5282,S=C=Nc1cccc2ccccc12,0.8574543595314026
Drug 694,NNC(=O)CNc1ccc2ccccc2c1,0.7077773809432983
Drug 6336,Oc1cccc2ccccc12,0.6894077658653259
Drug 4811,CCC(=O)N(O)c1ccc2ccccc2c1,0.6900458931922913
Drug 6347,CC(C)NCC(O)c1ccc2ccccc2c1,0.3583270013332367
Drug 3286,Nc1cccc2ccccc12,0.9052577614784241
Drug 4831,Cc1cc([N+](=O)[O-])cc2ccccc12,0.9383317828178406
Drug 229,Cc1c([N+](=O)[O-])ccc2ccccc12,0.937350869178772
Drug 5869,Cc1ccc2ccccc2c1C,0.8133600354194641
Drug 3312,Nc1cc2ccccc2cc1N,0.889706552028656
Drug 6973,O=C(O)c1cc2ccccc2cc1O,0.4236113131046295
Drug 2804,O=[N+]([O-])c1cc([N+](=O)[O-])c2ccccc2c1,0.9565356373786926
Drug 4348,Cc1ccc2cccc([N+](=O)[O-])c2c1,0.9172600507736206
Drug 770,Nc1cccc2c(N)cccc12,0.7130028009414673
Drug 4870,O=[N+]([O-])c1cc([N+](=O)[O-])c2c([N+](=O)[O-])cc([N+](=O)[O-])cc2c1,0.9094303250312805
Drug 1293,Nc1ccc(S(=O)(=O)O)c2ccccc12,0.43267616629600525
Drug 4369,COc1ccc2cc(CCC(C)=O)ccc2c1,0.5291042327880859
Drug 5393,CC(C)NC[C@@H](O)COc1cccc2ccccc12,0.48132947087287903
Drug 7011,CC(C)NCC(O)COc1cccc2ccccc12,0.48132947087287903
Drug 3353,Cc1cccc2cccc([N+](=O)[O-])c12,0.8923890590667725
Drug 2849,Clc1ccc2ccccc2c1,0.42625412344932556
Drug 5441,CN(CC(=O)NN)c1ccc2ccccc2c1,0.8887840509414673
Drug 4430,O=C(O)COc1ccc2ccccc2c1,0.3743368685245514
Drug 5455,Cc1cccc2cc([N+](=O)[O-])ccc12,0.923819363117218
Drug 1872,c1ccc2ccccc2c1,0.5514143705368042
Drug 5478,O=[N+]([O-])c1ccc2ccccc2c1,0.8889665007591248
Drug 362,O=Nc1c(O)ccc2ccccc12,0.8256447315216064
Drug 874,O=S(=O)(O)c1ccc2cc(O)c(S(=O)(=O)O)cc2c1,0.14557720720767975
Drug 2923,NCCNc1cccc2ccccc12,0.8539997339248657
Drug 5996,Nc1c(O)ccc2ccccc12,0.7993427515029907
Drug 4981,Nc1cc(S(=O)(=O)O)c2cccc(S(=O)(=O)O)c2c1,0.27768751978874207
Drug 2936,OCCN(CCO)c1ccc2ccccc2c1,0.7555711269378662
Drug 898,N#Cc1cccc2c([N+](=O)[O-])cccc12,0.8992916941642761
Drug 391,CC(=O)N(O)c1ccc2ccccc2c1,0.7435225248336792
Drug 3993,ClCCN(CCCl)c1ccc2ccccc2c1,0.8632786273956299
Drug 1947,Cc1cc(C)c2ccccc2c1,0.8468363285064697
Drug 3488,Clc1cccc2ccccc12,0.7027081847190857
Drug 418,CC(=O)c1ccc2ccccc2c1,0.5221757888793945
Drug 1954,CCCCON(OC(C)=O)C(=O)c1ccc2ccccc2c1,0.7157042622566223
Drug 3491,O=[N+]([O-])c1cccc2ccccc12,0.9455832242965698
Drug 5539,Cc1cccc2c([N+](=O)[O-])cccc12,0.8712788820266724
Drug 6055,O=[N+]([O-])c1c(O)ccc2ccccc12,0.8303556442260742
Drug 936,CC(=O)NCC(O)COc1cccc2ccccc12,0.6089600324630737
Drug 3496,Oc1ccc(O)c2ccccc12,0.4467911720275879
Drug 4523,Cc1ccc([N+](=O)[O-])c2ccccc12,0.8986852169036865
Drug 5035,Clc1c(Cl)c(Cl)c2c(Cl)c(Cl)c(Cl)c(Cl)c2c1Cl,0.3694160580635071
Drug 941,O=[N+]([O-])c1cc2cccc([N+](=O)[O-])c2cc1[N+](=O)[O-],0.9198718070983887
Drug 5574,Cc1ccc2ccccc2c1,0.6375879645347595
Drug 458,Oc1ccc2c(O)cccc2c1,0.6694900989532471
Drug 3534,O=C(NO)c1ccc2ccccc2c1,0.6619764566421509
Drug 466,O=[N+]([O-])c1cccc2cccc([N+](=O)[O-])c12,0.8923890590667725
Drug 1506,Cc1cc([N+](=O)[O-])c2ccccc2c1,0.9518791437149048
Drug 4067,Cc1cc2ccccc2cc1[N+](=O)[O-],0.8714204430580139
Drug 3053,NC(=S)Nc1cccc2ccccc12,0.7593525052070618
Drug 1519,O=[N+]([O-])c1cccc2c([N+](=O)[O-])cccc12,0.8802264332771301
Drug 5111,Nc1ccc(N)c2ccccc12,0.7006285190582275
Drug 4093,Oc1cc(O)c2ccccc2c1,0.7611421942710876
Drug 5631,O=C(O)Cc1cccc2ccccc12,0.5362273454666138
Drug 2062,C=C[C@@H]1CC[C@@]2(C)O[C@H]2C1,0.4121696949005127
Drug 2421,C1CC[C@H]2O[C@H]2C1,0.2850760221481323
Drug 7171,C=CC1CCC2(C)OC2C1,0.4121696949005127
Drug 6727,C1CCC2OC2C1,0.2850760221481323
Drug 4412,C=C(C)C1CCC2(C)OC2C1,0.3155619204044342
Drug 5942,CC(C)(C)NC(=O)C1CCC2C3CC=C4C=C(C(=O)O)CCC4(C)C3CCC12C,0.14270836114883423
Drug 1168,O=C(OCc1ccccc1)c1cccc2cccnc12,0.3284282386302948
Drug 4175,O=C(OCc1ccc(Cl)cc1)c1cccc2cccnc12,0.22334150969982147
Drug 4143,O=C(OCc1ccc(Cl)cc1Cl)c1cccc2cccnc12,0.18482457101345062
Drug 4449,Nc1nc2c(ccc3ncccc32)s1,0.8292162418365479
Drug 5966,NC(=O)C12OC1C(O)(c1ccccc1)NC2=O,0.31226783990859985
Drug 5449,CC(=O)c1c(O)cc(C)oc1=O,0.3062959909439087
Drug 1588,Nc1c(S(=O)(=O)O)cc(NC2CCCCC2)c2c1C(=O)c1ccccc1C2=O,0.6292443871498108
Drug 4672,CCc1nc2c(ccc3ccc4ccc(O)cc4c32)[nH]1,0.8365267515182495
Drug 4122,Cc1nc2c3c(ccc4ccc(O)cc43)ccc2n1C,0.8314206600189209
Drug 4095,Cc1nc2c(cc(C)c3ccc4ccc(O)cc4c32)[nH]1,0.7405220866203308
Drug 2559,Cc1nc2c(ccc3ccc4ccc(O)cc4c32)[nH]1,0.8731035590171814
Drug 3411,C1=C2c3ccccc3CCC2CCC1,0.45327994227409363
Drug 4455,OC1c2ccc3cccnc3c2C2OC2C1O,0.6334185600280762
Drug 751,c1cnc2c3c(ccc2c1)CCC1OC31,0.5159836411476135
Drug 7515,CCC1OC(=O)C(C)C(OC2CC(C)(OC)C(O)C(C)O2)C(C)C(O)(C2OC(C)CC(N(C)C)C2O)C(C)(O)CC(C)C(=O)C(C)C(C)(O)C1O,0.24447157979011536
Drug 4173,CCn1nc(C(=O)O)c(=O)c2cc3c(cc21)OCO3,0.4599607586860657
Drug 2048,Cc1cccc2c1-c1cc3ccccc3cc1C1OC21,0.9017612338066101
Drug 4258,Cc1c2c(c(C)c3ccccc13)C1OC1c1ccccc1-2,0.8604368567466736
Drug 2610,CCc1c2c(cc3ccccc13)-c1ccccc1C1OC21,0.8382923603057861
Drug 6043,c1ccc2c(c1)-c1cc3ccccc3cc1C1OC21,0.8526049852371216
Drug 798,Cc1c2c(cc3ccccc13)-c1ccccc1C1OC21,0.9209789633750916
Drug 5382,CC1(C)C2CC3OC3(C)C1C2,0.23231972754001617
Drug 5070,CN1Cc2c(N)cccc2[C@H](c2ccccc2)C1,0.7130531072616577
Drug 6276,CCC1OC1c1ccccc1,0.2887529134750366
Drug 6594,CCOC(=O)C1OC1(C)c1ccccc1,0.26848453283309937
Drug 1036,CC1(c2ccc(Br)cc2)CO1,0.29937952756881714
Drug 1805,COc1cc(OC)c(C2OC2C)cc1OC,0.41264608502388
Drug 6612,c1ccc(C2CO2)cc1,0.7795319557189941
Drug 4630,CCOC(=O)[C@@H]1O[C@H]1c1ccccc1,0.4212488532066345
Drug 3229,c1ccc([C@H]2CO2)cc1,0.7795319557189941
Drug 930,CC1(c2ccccc2)CO1,0.30586716532707214
Drug 296,CC1(c2ccc(C#N)cc2)CO1,0.2847280502319336
Drug 554,COC(=O)C1OC1c1ccccc1,0.5063992142677307
Drug 1963,COc1ccc(C2OC2C)cc1,0.36797478795051575
Drug 1209,C[C@@H]1O[C@H]1c1ccccc1,0.3065556585788727
Drug 1992,C[C@]1(c2ccc([N+](=O)[O-])cc2)CO1,0.8244410157203674
Drug 7220,CCOC(=O)C1OC1c1ccccc1,0.4212488532066345
Drug 7235,Cc1ccc(C2CO2)cc1,0.8052040934562683
Drug 3419,Cc1ccc([C@@H]2CO2)cc1,0.8052040934562683
Drug 4840,CC1(c2ccc(Cl)cc2)CO1,0.23737388849258423
Drug 4844,CCOC(=O)[C@@H]1O[C@]1(C)c1ccccc1,0.26848453283309937
Drug 6850,CC1(c2ccc([N+](=O)[O-])cc2)CO1,0.8244410157203674
Drug 5530,CC(C)(OOC(C)(C)c1ccccc1)c1ccccc1,0.1728980541229248
Drug 5931,CC1=C(O)C(=O)CC1,0.28275173902511597
Drug 6132,CC1=C2C(=CO[C@H](C)[C@H]2C)C(O)=C(C(=O)O)C1=O,0.36690476536750793
Drug 6535,CC1=C2C(=COC(C)C2C)C(O)=C(C(=O)O)C1=O,0.36690476536750793
Drug 1573,OC1C=Cc2c(ccc3cccnc23)C1O,0.5567240715026855
Drug 5767,Cn1c(N)nc2c3ncccc3ccc21,0.8829084634780884
Drug 2124,Cn1c2ccccc2c2nn[n+]([O-])c(C(=O)OCCCl)c21,0.7451335787773132
Drug 1079,CCOC(=O)c1c2c(nn[n+]1[O-])c1ccccc1n2C,0.31490185856819153
Drug 2306,O=c1nc[nH]c(=O)[nH]1,0.35054004192352295
Drug 2460,COc1cc(N=Nc2ccc(N)cc2)c(C)cc1N=Nc1c(S(=O)(=O)O)cc2ccc(N)cc2c1O,0.459269642829895
Drug 748,c1ccc(-c2cccc(-c3ccccc3)c2)cc1,0.32625532150268555
Drug 2379,COc1ccc2c(c1OC)c(=O)n(C)c1c3cc4c(cc3ccc21)OCO4,0.8334982395172119
Drug 5389,COc1cc(OC)c2c(c1)OC1OC3OC3C21,0.7906864881515503
Drug 3303,CC(C)(C)c1ccc(OP2OCC3(CO2)COP(Oc2ccc(C(C)(C)C)cc2C(C)(C)C)OC3)c(C(C)(C)C)c1,0.4018264710903168
Drug 7042,O=c1[nH]c2c(c(=O)n1C1CCCCC1)CCC2,0.2710913419723511
Drug 7004,CNC(CC(=O)O)C(=O)N(C(C(N)=O)c1ccc(O)cc1)C1C(=O)N2C1SC(C)(C)C2C(=O)O,0.10712775588035583
Drug 426,COc1ccc(C(Cl)=C(c2ccc(OC)cc2)c2ccc(OC)cc2)cc1,0.3510015904903412
Drug 5443,CC/C(=C(/c1ccc(OCCN(C)C)cc1)c1ccc(OP(=O)(O)O)cc1)c1ccc(C(C)C)cc1,0.2237047255039215
Drug 6028,CC/C(=C(/c1ccccc1)c1ccc(OCCN(C)C)cc1)c1ccccc1,0.30465373396873474
Drug 7177,CC(CCC(=O)O)C1CCC2C3CCC4CC(=O)CCC4(C)C3CC(=O)C12C,0.1614052951335907
Drug 322,Oc1ccc2ccc3[nH]c4ccc5ccccc5c4c3c2c1,0.8407382369041443
Drug 5058,Oc1cccc2c1ccc1[nH]c3ccc4ccccc4c3c12,0.7609370350837708
Drug 1701,Cc1ccc2c(ccc3[nH]c4ccc5ccccc5c4c32)c1,0.8870797753334045
Drug 4137,Cn1c2ccc3ccccc3c2c2c3ccccc3ccc21,0.8457906246185303
Drug 6121,O=[N+]([O-])c1cc2[nH]c3cc([N+](=O)[O-])c4ccccc4c3c2c2ccccc12,0.9373058676719666
Drug 2283,Cc1cc2[nH]c3cc(C)c4ccccc4c3c2c2ccccc12,0.8226635456085205
Drug 4621,O=[N+]([O-])c1cc2[nH]c3ccc4ccccc4c3c2c2cccc(O)c12,0.8880364298820496
Drug 3188,Oc1cccc2ccc3[nH]c4ccc5ccccc5c4c3c12,0.6931741833686829
Drug 1781,Oc1ccc2c(ccc3[nH]c4ccc5ccccc5c4c32)c1,0.8204537034034729
Drug 5303,O=[N+]([O-])c1cc2[nH]c3ccc4c(O)cccc4c3c2c2ccccc12,0.8101847767829895
Drug 5467,O=[N+]([O-])c1cc2[nH]c3ccc4ccc(O)cc4c3c2c2ccccc12,0.9251707196235657
Drug 2975,c1ccc2c(c1)ccc1[nH]c3ccc4ccccc4c3c12,0.8553293347358704
Drug 1741,CC12CCC3C(CC=C4CC(O)CCC43C)C1CCC2=O,0.25483012199401855
Drug 1230,COc1ccc(C2CC(=O)c3c(O)cc(OC4OC(COC5OC(C)C(O)C(O)C5O)C(O)C(O)C4O)cc3O2)cc1O,0.36000457406044006
Drug 5695,CC(C)(C)N(Cc1ccccc1)CC(O)c1ccc(O)c(CO)c1,0.2263203263282776
Drug 4040,O=C1CC(=C(Cl)Cl)C(=O)N1,0.38673558831214905
Drug 180,O=C1NC(=O)C(Cl)(Cl)C1=C(Cl)Cl,0.6632705330848694
Drug 2430,O=C1NC(=O)C(Cl)C1=C(Cl)Cl,0.46042487025260925
Drug 291,COc1cc(CC2CO2)ccc1O,0.8127385973930359
Drug 2155,COc1ccccc1CC1CO1,0.8677605986595154
Drug 5006,Cc1ccc(CC2CO2)cc1,0.8751446604728699
Drug 5711,c1ccc(CC2CO2)cc1,0.8797690868377686
Drug 4722,Clc1ccc(CC2CO2)cc1,0.8245376944541931
Drug 5881,COc1ccc(CC2CO2)cc1,0.8805199861526489
Drug 473,COc1ccc(CC2CO2)cc1OC,0.8715545535087585
Drug 6178,CN1C(=O)CC(=O)N(c2ccccc2)c2cc(Cl)ccc21,0.11661936342716217
Drug 2937,O=C(c1ccccc1)c1ccccc1,0.2677789330482483
Drug 3587,CC(C)(Oc1ccc(C(=O)c2ccc(Cl)cc2)cc1)C(=O)O,0.12005770951509476
Drug 2928,CC(C(=O)O)c1cccc(C(=O)c2ccccc2)c1,0.20277957618236542
Drug 2133,COc1ccc(C(=O)c2ccccc2O)c(O)c1,0.2704388201236725
Drug 4215,CN(C)c1ccc(C(=O)c2ccc(N(C)C)cc2)cc1,0.42573118209838867
Drug 953,Cc1ccc(C(=O)c2cc(O)c(O)c([N+](=O)[O-])c2)cc1,0.5023494362831116
Drug 3036,CC(C)OC(=O)C(C)(C)Oc1ccc(C(=O)c2ccc(Cl)cc2)cc1,0.1438237875699997
Drug 1341,COc1ccc(C(=O)c2ccccc2)c(O)c1,0.23920097947120667
Drug 4716,O=[N+]([O-])c1ccc2c(c1)CCc1c-2ccc2c1CCCC2,0.8728570938110352
Drug 2359,Cc1cc(=O)oc2cc3c(cc12)C1(C)OOC1(C)O3,0.41029220819473267
Drug 5167,c1ccc2c(c1)Oc1ccccc1S2,0.4346492886543274
Drug 5304,OC1C=Cc2c(cc3c4c(cc5ccccc53)-c3ccccc3-c24)C1O,0.8360335230827332
Drug 6840,O=C1NC(c2ccc([N+](=O)[O-])s2)Nc2ccccc21,0.9121225476264954
Drug 1765,O=C1N[C@@H](c2ccc([N+](=O)[O-])s2)Nc2ccccc21,0.9121225476264954
Drug 4394,Cn1c(N)nc2cc3ccccc3cc21,0.8998160362243652
Drug 320,Cn1c(N)nc2nc3ncccc3cc21,0.8882908225059509
Drug 2553,CCN(CC)c1ccc2c(-c3ccc(S(=O)(=O)O)cc3S(=O)(=O)O)c3ccc(=[N+](CC)CC)cc-3oc2c1,0.38429951667785645
Drug 4591,CCN(CC)c1ccc2c(-c3ccccc3C(=O)O)c3ccc(=[N+](CC)CC)cc-3oc2c1,0.7415611147880554
Drug 1537,O=[N+]([O-])c1ccc2ccc3ccc([N+](=O)[O-])c4c5c(c1c2c34)CCCC5,0.9216324090957642
Drug 4837,O=[N+]([O-])c1ccc2c3c(c4cccc5ccc1c2c54)CCCC3,0.9518154859542847
Drug 1098,O=[N+]([O-])c1cc2cccc3c4c(c5cccc1c5c23)CCCC4,0.9469488859176636
Drug 3052,O=[N+]([O-])c1ccc2c3c(c4c([N+](=O)[O-])ccc5ccc1c2c54)CCCC3,0.9405986666679382
Drug 4048,O=[N+]([O-])c1cc([N+](=O)[O-])c2c3c(c4cccc5ccc1c2c54)CCCC3,0.9472219347953796
Drug 543,O=[N+]([O-])c1ccc2ccc3cccc4c5c(c1c2c34)CCCC5,0.9493255615234375
Drug 4196,O=C(c1ccc(-c2ccccc2)cc1)C1OC1c1ccccc1,0.3498125374317169
Drug 3386,c1ccc2c(c1)ccc1cc3c(ccc4ccccc43)cc12,0.8850066661834717
Drug 5316,O=[N+]([O-])c1ccc2c(ccc3cc4c(ccc5ccccc54)cc32)c1,0.9500150084495544
Drug 6637,O=CC1CC(=O)C(=O)CO1,0.39696142077445984
Drug 6863,CC1OCC(=O)C(=O)C1O,0.38368478417396545
Drug 162,c1ccc2c(c1)ccc1ccc3c(c12)CCC3,0.6383172273635864
Drug 1552,CCOP(=S)(OCC)S[C@@H]1OCCO[C@H]1SP(=S)(OCC)OCC,0.31346118450164795
Drug 5818,C1COCCO1,0.36656203866004944
Drug 6597,CCOP(=S)(OCC)SC1OCCOC1SP(=S)(OCC)OCC,0.31346118450164795
Drug 5007,O=C1CCCCCN1,0.35228219628334045
Drug 4538,CC(C)Oc1ccc2c(=O)c(-c3ccccc3)coc2c1,0.40100908279418945
Drug 3123,O=c1c(-c2ccc(O)cc2)coc2cc(O)ccc12,0.3911629915237427
Drug 2231,COc1ccc(-c2coc3cc(O)cc(O)c3c2=O)cc1,0.5778534412384033
Drug 2339,CC12CCNC(=O)C=C1CCC1C2CCC2(C)C(OC(=O)/C=C/c3cccc(N(CCCl)CCCl)c3)CCC12,0.6580809354782104
Drug 1029,CCC1(C)CO1,0.3630051612854004
Drug 6741,CC(C)(C)OCC1CO1,0.9041219353675842
Drug 6749,C=CC(=O)OCC1CO1,0.8214972019195557
Drug 6762,ClC(Cl)(Cl)C1CO1,0.932637631893158
Drug 2591,CCCCCCCCC1OC1CCCCCCCC(=O)OCC(CC)CCCC,0.02956334501504898
Drug 6767,C=C(C)C(=O)OCC1CO1,0.8390816450119019
Drug 6775,CCCCC(CC)COCC1CO1,0.40461814403533936
Drug 6786,C=CC1CO1,0.8026979565620422
Drug 6791,CC(C)OCC1CO1,0.8583613038063049
Drug 2619,C=CC(=O)OC[C@H]1CO1,0.8214972019195557
Drug 1093,FC[C@H]1CO1,0.8727340698242188
Drug 5199,CC(C)(C)OC[C@H]1CO1,0.9041219353675842
Drug 6813,ClC(Cl)(Cl)CC1CO1,0.8921738862991333
Drug 3665,C[C@H]1CO1,0.6865406632423401
Drug 2136,O=C(O)C1OC1C(=O)O,0.2193276733160019
Drug 7554,ClC1CO1,0.8989484906196594
Drug 1136,CCCCCCCC[C@H]1CO1,0.4120795726776123
Drug 3711,NC(=O)C1CO1,0.8194006085395813
Drug 5780,COC1OC1(C)C,0.3431745767593384
Drug 681,CCCCCCCCCCCCOC[C@H]1CO1,0.3932378590106964
Drug 1199,C1CO1,0.36656203866004944
Drug 2233,OCC(O)C1CO1,0.6595265865325928
Drug 5317,C=C(C)C1CO1,0.8052040934562683
Drug 2762,ClC(Cl)(Cl)C[C@H]1CO1,0.8921738862991333
Drug 2779,CCCCC1CO1,0.6340118050575256
Drug 6956,NC(=O)CC1CO1,0.8582184314727783
Drug 5867,CCCCCCCCCC[C@H]1CO1,0.4120795726776123
Drug 2284,C=CCCC1CO1,0.8757541179656982
Drug 5868,ClC1OC1CBr,0.7944222688674927
Drug 6970,CCCCCCCCCCC1CO1,0.4120795726776123
Drug 3317,OC[C@H]1CO1,0.8727340698242188
Drug 3831,CCCC[C@@H](CC)COC[C@H]1CO1,0.40461814403533936
Drug 1783,C=C(C)C(=O)OC[C@H]1CO1,0.8390816450119019
Drug 5370,COC(=O)[C@]1(C(N)=O)O[C@@]1(C)[C@H](O)C(C)C,0.5775474905967712
Drug 3329,BrC[C@H]1CO1,0.9442058205604553
Drug 2818,CC(C)OC[C@H]1CO1,0.8583613038063049
Drug 6990,CCCCCCCCCCCCCCCCC1CO1,0.4120795726776123
Drug 779,CCCCOC[C@H]1CO1,0.5376602411270142
Drug 6427,CCC1CO1,0.8566462993621826
Drug 6428,ClCC1CO1,0.9520695805549622
Drug 6429,C=CCOCC1CO1,0.8759230375289917
Drug 3356,CC(C)(C)CCCCCC(=O)OC[C@H]1CO1,0.8484281897544861
Drug 7015,CCCCCCCCC1CO1,0.4120795726776123
Drug 5927,NC(=O)C[C@H]1CO1,0.8582184314727783
Drug 7038,CCCCCCCCCCCCC1CO1,0.4120795726776123
Drug 820,CCCCCCCCCCCCCC[C@H]1CO1,0.4120795726776123
Drug 3409,C=CCCCC[C@H]1CO1,0.8242206573486328
Drug 4946,C=C[C@H]1CO1,0.8026979565620422
Drug 2905,CCOC(=O)C1OC1C(=O)NC(CC(C)C)C(=O)NCCC(C)C,0.41285818815231323
Drug 7087,CCCCCCCCCCCCOCC1CO1,0.3932378590106964
Drug 7089,CCCCCCCCCCCCCCC1CO1,0.4120795726776123
Drug 6548,OCC1CO1,0.8727340698242188
Drug 2413,Cl[C@@H]1CO1,0.8989484906196594
Drug 6589,CC1CO1,0.6865406632423401
Drug 6592,O=CC1CO1,0.8120206594467163
Drug 906,CCCCCCCCCCCCCCCC[C@H]1CO1,0.4120795726776123
Drug 5521,O=C[C@H]1CO1,0.8120206594467163
Drug 402,CCOC[C@H]1CO1,0.8761580586433411
Drug 1427,C=CCOC[C@H]1CO1,0.8759230375289917
Drug 6622,COC(=O)C1(C(N)=O)OC1(C)C(O)C(C)C,0.5775474905967712
Drug 1948,CCCCCCCCCCCC[C@H]1CO1,0.4120795726776123
Drug 6045,CC1(C(N)=O)CO1,0.4140261113643646
Drug 6635,CCCCOCC1CO1,0.5376602411270142
Drug 6636,FCC1CO1,0.8727340698242188
Drug 6645,C=CCCCCC1CO1,0.8242206573486328
Drug 943,C[N+](C)(C)CC1CO1,0.7834169864654541
Drug 6657,BrCC1CO1,0.9442058205604553
Drug 1994,CCCCCCC(C)(C)C(=O)OC[C@@H]1CO1,0.4742248058319092
Drug 5067,CC[C@H]1CO1,0.8566462993621826
Drug 2001,CCCCCCOC[C@H]1CO1,0.3932378590106964
Drug 6687,CC(C)(C)CCCCCC(=O)OCC1CO1,0.8484281897544861
Drug 6689,COCC1CO1,0.8776408433914185
Drug 1498,ClC(Cl)(Cl)[C@@H]1CO1,0.932637631893158
Drug 3550,COC[C@H]1CO1,0.8776408433914185
Drug 6700,CCCCCCOCC1CO1,0.3932378590106964
Drug 6704,CC1OC1C,0.3563952147960663
Drug 5098,C=CC1(C)CO1,0.48291274905204773
Drug 7296,CCCCCCC(C)(C)C(=O)OCC1CO1,0.4742248058319092
Drug 4590,ClC[C@H]1CO1,0.9520695805549622
Drug 3567,CCCCCCC1CO1,0.4120795726776123
Drug 6127,NC(=O)OC1CO1,0.8194006085395813
Drug 2545,C[C@@H]1O[C@@H]1C,0.3563952147960663
Drug 6722,CCOCC1CO1,0.8761580586433411
Drug 2554,CCC1(C(C)O)OC1(C(N)=O)C(=O)OC,0.5969625115394592
Drug 6603,C=C(C)C1Cc2c(ccc3c2OC2COc4cc(OC)c(OC)cc4C2C3=O)O1,0.7479308247566223
Drug 2572,C=C(C)[C@@H]1Cc2c(ccc3c2O[C@H]2COc4cc(OC)c(OC)cc4[C@@H]2C3=O)O1,0.7479308247566223
Drug 6804,Nc1cc2c3c(ccc2c2ccccc12)C(O)C(O)C=C3,0.8070377111434937
Drug 6285,O=[N+]([O-])c1cc2c3c(ccc2c2ccccc12)[C@@H](O)[C@H](O)C=C3,0.8878777027130127
Drug 6652,OC1C=Cc2c(ccc3c2ccc2ccccc23)C1O,0.846955418586731
Drug 3153,Oc1ccc2ccc3c4c(ccc3c2c1)[C@@H](O)[C@H](O)C=C4,0.7160006165504456
Drug 6656,Oc1ccc2ccc3c4c(ccc3c2c1)C(O)C(O)C=C4,0.7160006165504456
Drug 6818,O=[N+]([O-])c1cc2c3c(ccc2c2ccccc12)C(O)C(O)C=C3,0.8878777027130127
Drug 378,Nc1cc2c3c(ccc2c2ccccc12)[C@@H](O)[C@H](O)C=C3,0.8070377111434937
Drug 4379,O[C@@H]1C=Cc2c(ccc3c2ccc2ccccc23)[C@H]1O,0.846955418586731
Drug 7417,O=c1ccc(=O)[nH][nH]1,0.32345229387283325
Drug 4356,c1ccc2c(c1)ccc1c2ccc2c3ccccc3ccc21,0.87931889295578
Drug 2175,Cc1ccc2ccc3c(ccc4c5cccc(C)c5ccc43)c2c1,0.8468509912490845
Drug 3528,C=C1C/C(=C/C)C(=O)O[C@H]2CCN3CC=C(COC(=O)[C@@]1(O)CO)[C@H]23,0.38513246178627014
Drug 1121,C=C1C/C(=C/C)C(=O)O[C@H]2CCN3CC=C(COC(=O)[C@]1(C)O)[C@H]23,0.38513246178627014
Drug 6952,C=C1CC(=CC)C(=O)OC2CCN3CC=C(COC(=O)C1(C)O)C23,0.38513246178627014
Drug 6906,C=C1CC(=CC)C(=O)OC2CCN3CC=C(COC(=O)C1(O)CO)C23,0.38513246178627014
Drug 707,C[C@@]12CCc3occc3C1CC[C@@]13CC(CCC12)C(O)(CO)C3,0.12068378180265427
Drug 7109,O=C1CN(CCCN2CC(=O)NC(=O)C2)CC(=O)N1,0.29582303762435913
Drug 2203,O=C1c2ccccc2-c2c1ccc1ccc3ccccc3c21,0.2945469915866852
Drug 3006,Cc1cc(Cl)cc2c1C(=O)/C(=C1/Sc3cc(Cl)cc(C)c3C1=O)S2,0.30457112193107605
Drug 6091,COc1cc(C2c3cc4c(cc3C(O)C3COC(=O)C23)OCO4)cc(OC)c1OC,0.6081106662750244
Drug 724,Cc1ccc(/N=C/c2cccc3cccnc23)c(C(=O)O)c1,0.6435178518295288
Drug 2688,O=C(O)c1ccco1,0.29124724864959717
Drug 4225,CC(C)(C)OC(=O)/C=C/c1ccc([N+](=O)[O-])o1,0.6279173493385315
Drug 4610,COC(=O)c1oc([N+](=O)[O-])c(Cl)c1Cl,0.6665504574775696
Drug 5891,CCCOC(=O)/C=C/c1ccc([N+](=O)[O-])o1,0.6630349159240723
Drug 5126,O=[N+]([O-])/C=C/c1ccco1,0.671209990978241
Drug 392,CNC(=O)/C=C/c1ccc([N+](=O)[O-])o1,0.8412826061248779
Drug 4233,O=C(O)/C=C/c1ccc([N+](=O)[O-])o1,0.7948649525642395
Drug 3981,CC(=O)OCc1ccco1,0.34665241837501526
Drug 1166,COC(=O)/C(=C/c1ccc([N+](=O)[O-])o1)[N+](=O)[O-],0.8412826061248779
Drug 401,CC(C)(C)NC(=O)/C=C/c1ccc([N+](=O)[O-])o1,0.6674004793167114
Drug 2065,COC(=O)c1ccc([N+](=O)[O-])o1,0.8795576691627502
Drug 19,C[C@@H](O)CCC(=O)c1ccoc1,0.3095299005508423
Drug 1428,CC[C@@H](C)OC(=O)/C=C/c1ccc([N+](=O)[O-])o1,0.5195291042327881
Drug 5396,CCCCCNC(=O)/C=C/c1ccc([N+](=O)[O-])o1,0.6613154411315918
Drug 5783,COC(=O)/C=C/c1ccc([N+](=O)[O-])o1,0.8412826061248779
Drug 280,COC(=O)/C(C#N)=C/c1ccco1,0.38417503237724304
Drug 3737,CN(C)C(=O)/C=C/c1ccc([N+](=O)[O-])o1,0.8552753925323486
Drug 7143,CCCCCCCCCCCCCCCC(=O)OCC(O)c1oc(O)c(O)c1O,0.063898004591465
Drug 3228,O=C(O)c1ccc([N+](=O)[O-])o1,0.8422346115112305
Drug 6300,CC(C)NC(=O)/C=C\c1ccc([N+](=O)[O-])o1,0.8131313920021057
Drug 7020,[O-][N+](O)=C=Cc1ccco1,0.6012135744094849
Drug 6895,CCC(C)OC(=O)C=Cc1ccc([N+](=O)[O-])o1,0.5195291042327881
Drug 37,OCc1ccco1,0.36656203866004944
Drug 2854,CCCCOC(=O)/C=C/c1ccc([N+](=O)[O-])o1,0.4850737750530243
Drug 5159,Cc1ccco1,0.3563952147960663
Drug 6309,CCc1ccco1,0.325509637594223
Drug 1449,O=Cc1ccc([N+](=O)[O-])o1,0.845388650894165
Drug 6369,CCCCNC(=O)/C=C/c1ccc([N+](=O)[O-])o1,0.6613154411315918
Drug 6327,CC(C)OC(=O)/C=C/c1ccc([N+](=O)[O-])o1,0.7744578123092651
Drug 577,CC(C)(C)CNC(=O)/C=C/c1ccc([N+](=O)[O-])o1,0.6290025115013123
Drug 4289,CCOC(=O)/C=C/c1ccc([N+](=O)[O-])o1,0.6894174814224243
Drug 6671,O=[N+]([O-])c1ccc(C=C=[N+]([O-])O)o1,0.8245489597320557
Drug 7058,CC(O)CCC(=O)c1ccoc1,0.3095299005508423
Drug 7188,CNC(C=[N+]([O-])O)=NCCSCc1ccc(CN(C)C)o1,0.7540290355682373
Drug 201,CCCNC(=O)/C=C/c1ccc([N+](=O)[O-])o1,0.6949814558029175
Drug 5323,O=C(CBr)c1oc([N+](=O)[O-])c(Cl)c1Cl,0.6562928557395935
Drug 6809,CCC(C)NC(=O)C=Cc1ccc([N+](=O)[O-])o1,0.4239337742328644
Drug 334,COC(=O)/C(C#N)=C/c1ccc(Br)o1,0.41499993205070496
Drug 718,Cc1ccc(C)o1,0.3563952147960663
Drug 1488,CC(C)COC(=O)/C=C/c1ccc([N+](=O)[O-])o1,0.7165183424949646
Drug 979,CC[C@@H](C)NC(=O)/C=C/c1ccc([N+](=O)[O-])o1,0.4239337742328644
Drug 3795,O=Cc1ccc(CO)o1,0.32119446992874146
Drug 4436,N/C(=N\O)c1ccc([N+](=O)[O-])o1,0.9206652045249939
Drug 4054,CC(=O)c1oc([N+](=O)[O-])c(Cl)c1Cl,0.5476855635643005
Drug 5971,c1ccoc1,0.36656203866004944
Drug 1753,O=[N+]([O-])c1ccc(CNCCO)o1,0.920024037361145
Drug 5598,CC(C)CNC(=O)/C=C/c1ccc([N+](=O)[O-])o1,0.6788129806518555
Drug 4191,CC(=O)/C=C/c1ccco1,0.34665241837501526
Drug 2912,O=C/C=C\c1ccco1,0.4867125153541565
Drug 3169,O=[N+]([O-])/C=C/c1ccc([N+](=O)[O-])o1,0.845388650894165
Drug 610,NC(=O)/C=C/c1ccc([N+](=O)[O-])o1,0.8395931124687195
Drug 2147,N#CC(C#N)=Cc1ccc([N+](=O)[O-])o1,0.8230081796646118
Drug 5089,CN/C(=C/[N+](=O)[O-])NCCSCc1ccc(CN(C)C)o1,0.6680636405944824
Drug 4581,COC(=O)/C(=C/c1ccc(Br)o1)[N+](=O)[O-],0.6847590208053589
Drug 3686,CC(=O)c1ccco1,0.34665241837501526
Drug 1639,COC(=O)/C(C#N)=C/c1ccc([N+](=O)[O-])o1,0.8228191137313843
Drug 2663,COC(=O)/C(C)=C/c1ccc([N+](=O)[O-])o1,0.8852121233940125
Drug 4711,CCCCCOC(=O)/C=C/c1ccc([N+](=O)[O-])o1,0.4850737750530243
Drug 5224,COC(=O)c1ccco1,0.40716034173965454
Drug 6959,OCC(O)c1oc(O)c(O)c1O,0.29775258898735046
Drug 1260,CCNC(=O)/C=C/c1ccc([N+](=O)[O-])o1,0.7199193835258484
Drug 4332,CC(=O)OC(OC(C)=O)c1ccc([N+](=O)[O-])o1,0.8360763192176819
Drug 2674,Cc1ccc(C=O)o1,0.3563952147960663
Drug 3573,NC(=O)N/N=C/c1ccc([N+](=O)[O-])o1,0.9278767704963684
Drug 4855,O=C/C=C/c1ccc([N+](=O)[O-])o1,0.8995932340621948
Drug 6139,COC(=O)c1oc(N)c(Cl)c1Cl,0.36384859681129456
Drug 2428,COC(=O)/C(=C/c1ccco1)[N+](=O)[O-],0.6544216275215149
Drug 6015,O=Cc1ccco1,0.36656203866004944
Drug 2638,C=C(C)c1ccc(C)c2ccc(CO)c-2c1,0.6716778874397278
Drug 1654,Cc1cc(S(=O)(=O)O)c2c(C)ccc(C(C)C)cc1-2,0.6274940967559814
Drug 5119,C=C(C)c1ccc(C)c2ccc(C=O)c-2c1,0.5917285680770874
Drug 6216,O=[N+]([O-])O[C@H]1CO[C@H]2[C@@H]1OC[C@H]2O[N+](=O)[O-],0.9037161469459534
Drug 7005,O=[N+]([O-])OC1COC2C(O)COC12,0.8542435169219971
Drug 7167,O=[N+]([O-])OC1COC2C(O[N+](=O)[O-])COC12,0.9037161469459534
Drug 4863,O=[N+]([O-])O[C@@H]1CO[C@H]2[C@@H]1OC[C@H]2O,0.8542435169219971
Drug 3259,COc1ccc2cc1Oc1ccc(cc1)C[C@H]1c3c(cc4c(c3Oc3cc5c(cc3OC)CCN(C)[C@@H]5C2)OCO4)CCN1C,0.5523808598518372
Drug 6903,C1=CC2OC2C=C1,0.36656203866004944
Drug 1170,C1=C[C@@H]2O[C@@H]2C=C1,0.36656203866004944
Drug 2980,O=C(Cc1ccccc1)OCc1ccccc1,0.17414167523384094
Drug 7319,Cc1ccc2cc3c(c4c2c1CC4)C(O)C(O)c1ccccc1-3,0.7039830088615417
Drug 6164,OCC1OC(n2cnc3c2ncn2ccnc32)C(O)C1O,0.39208775758743286
Drug 6125,OCC1OC(n2cnc3c2ncn2ccnc32)CC1O,0.34528306126594543
Drug 5552,CN(C)CCNC(=O)c1cccc2c1Nc1ccccc1O2,0.566788911819458
Drug 7282,C1CC2OC2C1OC1CCC2OC12,0.2850760221481323
Drug 6292,C1C[C@@H]2O[C@@H]2[C@H]1O[C@H]1CC[C@@H]2O[C@H]12,0.2850760221481323
Drug 6669,CCC1(O)CC(O)c2c(cc3c(c2O)C(=O)c2c(O)cccc2C3=O)C1C(=O)OC,0.8063763380050659
Drug 1313,CC[C@]1(O)C[C@@H](O)c2c(cc3c(c2O)C(=O)c2c(O)cccc2C3=O)[C@@H]1C(=O)OC,0.8063763380050659
Drug 2433,CC(=O)C1(O)Cc2c(O)c3c(c(O)c2C(O)C1)C(=O)c1c(O)cccc1C3=O,0.6280092000961304
Drug 995,COc1cccc2c1C(=O)c1c(O)c3c(c(O)c1C2=O)CC(O)(C(=O)CO)CC3O,0.7778593301773071
Drug 3531,COc1cccc2c1C(=O)c1c(O)c3c(c(O)c1C2=O)C[C@@](O)(C(C)=O)C[C@@H]3O,0.7464728355407715
Drug 4504,CCC(C)C1NC(=O)C(C(C)=O)=C1O,0.18307840824127197
Drug 512,BrCc1c2ccccc2cc2ccccc12,0.8329986333847046
Drug 644,CC(=O)OCc1c2ccccc2cc2ccccc12,0.7852520942687988
Drug 1160,Cc1cc2c(C)c3ccccc3c(C)c2cc1C,0.5667639970779419
Drug 778,Clc1c2ccccc2cc2ccccc12,0.5805342197418213
Drug 6760,Nc1ccc(N)c2c(O)c3ccccc3c(O)c12,0.737949788570404
Drug 5660,Oc1cccc2cc3cccc(O)c3c(O)c12,0.550017237663269
Drug 2973,O=[N+]([O-])c1ccc2cc3ccccc3cc2c1,0.8889665007591248
Drug 2206,Cc1ccc2cc3ccccc3cc2c1,0.6375879645347595
Drug 6765,c1ccc2cc3ccccc3cc2c1,0.6556299328804016
Drug 2210,Cc1c2ccccc2c(CO)c2ccccc12,0.42663854360580444
Drug 2212,Cc1cccc2cc3ccccc3cc12,0.7723232507705688
Drug 3495,O=[N+]([O-])c1c2ccccc2c([N+](=O)[O-])c2ccccc12,0.8265883326530457
Drug 5801,CC(=O)OCc1c2ccccc2c(C)c2ccccc12,0.4648670554161072
Drug 2350,Cc1cc(O)c2c(O)c3c(O)cccc3cc2c1,0.5505537390708923
Drug 6653,Oc1c2ccccc2cc2ccccc12,0.6953904032707214
Drug 6909,Nc1ccc2cc3ccccc3cc2c1,0.8980857729911804
Drug 4665,Cc1c2ccccc2cc2ccccc12,0.8468363285064697
Drug 1850,Cc1ccc2cc3ccccc3c(C)c2c1,0.8468363285064697
Drug 1853,Clc1cccc2cc3ccccc3cc12,0.6024667620658875
Drug 4925,CN(C)CCNC(=O)c1cccc2cc3ccccc3cc12,0.766420841217041
Drug 3649,Oc1ccc2c(O)c3ccccc3cc2c1O,0.7565626502037048
Drug 1603,ClCc1c2ccccc2cc2ccccc12,0.8638749718666077
Drug 836,ClCc1c2ccccc2c(CCl)c2ccccc12,0.717539370059967
Drug 3402,Cc1ccc2c(C)c3ccccc3c(C)c2c1,0.5667639970779419
Drug 4176,Cc1c2ccccc2c(CCl)c2ccccc12,0.6801407337188721
Drug 5459,Cc1c2ccccc2c(C)c2ccccc12,0.5076625943183899
Drug 5588,Clc1ccc2cc3ccccc3cc2c1,0.42625412344932556
Drug 3158,Nc1cccc2cc3ccccc3cc12,0.9236034750938416
Drug 90,Cc1c2ccccc2c(CBr)c2ccccc12,0.4758245646953583
Drug 859,OCc1c2ccccc2cc2ccccc12,0.7280838489532471
Drug 4064,Nc1c2ccccc2cc2ccccc12,0.9165953993797302
Drug 6702,CCC(=O)c1c2cccc(O)c2c(O)c2c(O)cccc12,0.5773595571517944
Drug 1253,ClCc1c2ccccc2c(Cl)c2ccccc12,0.3954354226589203
Drug 2790,Oc1ccc(O)c2c(O)c3ccccc3c(O)c12,0.6793477535247803
Drug 2669,O=[N+]([O-])c1c2ccccc2cc2ccccc12,0.8871062397956848
Drug 750,Cc1c2ccccc2c(COS(=O)(=O)O)c2ccccc12,0.6142621040344238
Drug 6978,O=Cc1c2ccccc2cc2ccccc12,0.835619330406189
Drug 6729,CCCC(=O)c1c2cccc(O)c2c(O)c2c(O)cccc12,0.5274947285652161
Drug 6860,COc1cc(O)c2c(O)c3c(O)cc(C)cc3cc2c1,0.5628078579902649
Drug 4997,O=[N+]([O-])c1ccc(/C=N/c2snc3ccccc23)o1,0.9348593354225159
Drug 3862,O=C(O)C1OC(Oc2cccc3c2cc2ccc4cccc5ccc3c2c45)C(O)C(O)C1O,0.1664586067199707
Drug 2472,CCn1cc(C(=O)O)c(=O)c2cc(F)c(N3CCNC(C)C3)c(F)c21,0.2659553289413452
Drug 1322,CN1CCN(c2c(F)cc3c(=O)c(C(=O)O)cn(CCF)c3c2F)CC1,0.30239439010620117
Drug 4638,CCn1cc(C(=O)O)c(=O)c2cc(F)c(N3CCN(C)CC3)cc21,0.2659553289413452
Drug 6919,CCn1cc(C(=O)O)c(=O)c2cc(F)c(N3CCNCC3)cc21,0.2659553289413452
Drug 1157,CC1=C(C(=O)Nc2ccccc2)SCCO1,0.4139333665370941
Drug 2488,O[C@@H]1Cc2cc3cccc4ccc5ccc1c2c5c43,0.8288515210151672
Drug 6848,OC1Cc2cc3cccc4ccc5ccc1c2c5c43,0.8288515210151672
Drug 5036,CC(=O)OC1Cc2cc3cccc4ccc5ccc1c2c5c43,0.7651083469390869
Drug 383,CC(=O)OC1Cc2ccc3ccc4cccc5cc1c2c3c45,0.7972789406776428
Drug 106,C1CCCC2OC2CC1,0.2850760221481323
Drug 3404,C/C=C/C1=CC(=O)C23CC2C(C)(C)OC3(O)C1=O,0.48249101638793945
Drug 110,C/C=C(\Cl)C1=CC(=O)C23CC2C(C)(C)OC3(O)C1=O,0.44450029730796814
Drug 3002,C1=Cc2c3ccc4cccc5ccc(c6cccc1c26)c3c45,0.8655422925949097
Drug 4876,CC1=CCC(=O)O1,0.3563952147960663
Drug 354,COC1(NC(=O)CSCC(N)C(=O)O)C(=O)N2C(C(=O)O)=C(CSc3nnnn3C)CSC21,0.6776306629180908
Drug 4330,c1ccc(OP(Oc2ccccc2)Oc2ccccc2)cc1,0.28637638688087463
Drug 6926,O=C1CC(=O)c2ccccc2C1=O,0.5987895727157593
Drug 6988,CC(C)=CCC1C(=O)C(=O)c2ccccc2C1=O,0.7367918491363525
Drug 5808,CC(=O)c1c(O)c(C)c(O)c2c1OC1=CC(=O)C(C(C)=O)C(=O)C12C,0.28649720549583435
Drug 4187,O=[N+]([O-])c1cc2cc3ccc4cccc5ccc(c2o1)c3c45,0.9531408548355103
Drug 435,c1cc2ccc3cc4ccoc4c4ccc(c1)c2c34,0.8912241458892822
Drug 6799,Nc1ccc(Oc2ccc(Oc3ccc(N)cc3)cc2)cc1,0.6640077829360962
Drug 6845,CC1C(O)CCC2=CC(=O)C3(C4OC4CO)OC3C21C,0.188446044921875
Drug 5628,CC1C(O)CCC2=CC(=O)C3(C4(CO)CO4)OC3C21C,0.2568357586860657
Drug 620,C[C@@H]1[C@H](O)CCC2=CC(=O)[C@@]3([C@H]4O[C@H]4CO)O[C@H]3[C@]21C,0.188446044921875
Drug 3104,Cc1cc(O)ccc1O[P@@](=O)(Oc1cc(O)ccc1C)Oc1c(C)cccc1O,0.33853501081466675
Drug 5858,CC(C)(C)c1ccc(OP(=O)(Oc2ccccc2)Oc2ccccc2)cc1,0.18976283073425293
Drug 6341,Cc1cccc(OP(=O)(Oc2cccc(C)c2)Oc2cccc(C)c2)c1,0.3135923743247986
Drug 1193,Cc1cccc(OP(=O)(Oc2ccccc2)Oc2ccccc2)c1,0.3016742765903473
Drug 7134,Cc1ccc(OP(=O)(Oc2cccc(C)c2)Oc2cccc(C)c2)cc1,0.3172829747200012
Drug 4818,CCCCCCCCCc1ccc(OP(=O)(Oc2ccccc2)Oc2ccccc2)cc1,0.056941401213407516
Drug 3316,O=P(Oc1ccccc1)(Oc1ccccc1)Oc1ccccc1,0.3077847361564636
Drug 7236,Cc1cc(O)ccc1OP(=O)(Oc1cc(O)ccc1C)Oc1c(C)cccc1O,0.33853501081466675
Drug 4663,CC(C)c1ccc(OP(=O)(Oc2ccccc2)Oc2ccccc2)cc1,0.1864439696073532
Drug 4025,Cc1ccc(OP(=O)(Oc2ccc(C)cc2C)Oc2ccc(C)cc2C)c(C)c1,0.4380800724029541
Drug 4784,Cc1ccc2nc3c(cc2c1)-c1cccc2cccc-3c12,0.8739123940467834
Drug 1404,c1ccc2nc3c(cc2c1)-c1cccc2cccc-3c12,0.9109342694282532
Drug 3645,O=[N+]([O-])c1ccc2nc3c(cc2c1)-c1cccc2cccc-3c12,0.949537992477417
Drug 2540,COc1ccc2nc3c(cc2c1)-c1cccc2cccc-3c12,0.9126684665679932
Drug 1825,CCc1c(O)ccc2c3c([nH]c12)[C@](CC)(CC(=O)O)OCC3,0.32609042525291443
Drug 4167,CCc1cccc2c3c([nH]c12)C(C)(CC)OCC3,0.5391237139701843
Drug 5543,CC[C@@]1(CC(=O)O)OCCc2c1n(C)c1ccccc21,0.31751880049705505
Drug 2091,CCc1cc(O)cc2c3c([nH]c12)[C@](CC)(CC(=O)O)OCC3,0.25389838218688965
Drug 1643,CCC1(CC(=O)O)OCCc2c1[nH]c1c(C)cccc21,0.35796838998794556
Drug 7102,CCC1(CC(=O)O)OCCc2c1n(C)c1ccccc21,0.31751880049705505
Drug 6719,CCc1c(O)ccc2c3c([nH]c12)C(CC)(CC(=O)O)OCC3,0.32609042525291443
Drug 6688,CCc1cc(O)cc2c3c([nH]c12)C(CC)(CC(=O)O)OCC3,0.25389838218688965
Drug 5176,CCc1cccc2c3c([nH]c12)C(CC)(CC(=O)O)OCC3,0.30127352476119995
Drug 4346,CCC1(CC(=O)O)OCCc2c1[nH]c1c(C(C)O)cccc21,0.26611146330833435
Drug 6945,COc1cccc2c(O)c3c(O)c4c(c(O)c3c(O)c12)C(=O)CC(O)(C(C)=O)C4,0.7058289647102356
Drug 87,Cc1cc(C)n(-c2[nH]nc(NN)c3c4ccccc4nc2-3)n1,0.9110603332519531
